trace,ckpt,class,frames,cmd_orig,cmd_relabel,mean_realized,drift_vx,drift_vy,drift_yaw
data/traces/walk_v34_multi/1200/gentle_vxp020_vyn020_yawp000.npz,1200,clean,780,"[0.20000000298023224, -0.20000000298023224, 0.0]","[0.17526625096797943, -0.12330116331577301, 0.0]","[0.17526625096797943, -0.12330116331577301, -0.03634297102689743]",0.0,0.0,0.03634297102689743
data/traces/walk_v34_multi/1200/gentle_vxp020_vyp000_yawp000.npz,1200,clean,780,"[0.20000000298023224, 0.0, 0.0]","[0.16836336255073547, 0.0, 0.0]","[0.16836336255073547, -0.006473390851169825, 0.010682431980967522]",0.0,0.006473390851169825,0.010682431980967522
data/traces/walk_v34_multi/1200/gentle_vxp020_vyp000_yawp030.npz,1200,clean,780,"[0.20000000298023224, 0.0, 0.30000001192092896]","[0.16558656096458435, 0.0, 0.3295922577381134]","[0.16558656096458435, 0.010739997029304504, 0.3295922577381134]",0.0,0.010739997029304504,0.0
data/traces/walk_v34_multi/1200/vxp030_vyp000_yawn050.npz,1200,clean,780,"[0.30000001192092896, 0.0, -0.5]","[0.20949138700962067, 0.0, -0.5087635517120361]","[0.20949138700962067, -0.03297187387943268, -0.5087635517120361]",0.0,0.03297187387943268,0.0
data/traces/walk_v34_multi/1200/vxp050_vyp000_yawn050.npz,1200,clean,780,"[0.5, 0.0, -0.5]","[0.3103780746459961, 0.0, -0.4855401813983917]","[0.3103780746459961, -0.037523385137319565, -0.4855401813983917]",0.0,0.037523385137319565,0.0
data/traces/walk_v34_multi/1200/vxp050_vyp000_yawp000.npz,1200,clean,780,"[0.5, 0.0, 0.0]","[0.32583189010620117, 0.0, 0.0]","[0.32583189010620117, -0.008334558457136154, 0.017832467332482338]",0.0,0.008334558457136154,0.017832467332482338
data/traces/walk_v34_multi/1200/vxp070_vyp000_yawp000.npz,1200,clean,780,"[0.699999988079071, 0.0, 0.0]","[0.43159499764442444, 0.0, 0.0]","[0.43159499764442444, -0.009148907847702503, 0.017683034762740135]",0.0,0.009148907847702503,0.017683034762740135
data/traces/walk_v34_multi/2800/extra_vxp000_vyn015_yawp000.npz,2800,clean,780,"[0.0, -0.15000000596046448, 0.0]","[0.0, -0.12199684232473373, 0.0]","[0.04731369391083717, -0.12199684232473373, 0.0062279654666781425]",0.04731369391083717,0.0,0.0062279654666781425
data/traces/walk_v34_multi/2800/extra_vxp000_vyn025_yawp000.npz,2800,clean,780,"[0.0, -0.25, 0.0]","[0.0, -0.19667638838291168, 0.0]","[0.03914197161793709, -0.19667638838291168, -0.007706604897975922]",0.03914197161793709,0.0,0.007706604897975922
data/traces/walk_v34_multi/2800/extra_vxp000_vyp015_yawp000.npz,2800,clean,780,"[0.0, 0.15000000596046448, 0.0]","[0.0, 0.11342412978410721, 0.0]","[0.034760668873786926, 0.11342412978410721, 0.0014172119554132223]",0.034760668873786926,0.0,0.0014172119554132223
data/traces/walk_v34_multi/2800/extra_vxp000_vyp025_yawp000.npz,2800,clean,780,"[0.0, 0.25, 0.0]","[0.0, 0.1874665766954422, 0.0]","[0.020644601434469223, 0.1874665766954422, 0.022241324186325073]",0.020644601434469223,0.0,0.022241324186325073
data/traces/walk_v34_multi/2800/extra_vxp010_vyn020_yawp000.npz,2800,clean,780,"[0.10000000149011612, -0.20000000298023224, 0.0]","[0.11361870169639587, -0.13602793216705322, 0.0]","[0.11361870169639587, -0.13602793216705322, -4.254962277627783e-06]",0.0,0.0,4.254962277627783e-06
data/traces/walk_v34_multi/2800/gentle_vxp000_vyn020_yawp000.npz,2800,clean,780,"[0.0, -0.20000000298023224, 0.0]","[0.0, -0.1595560610294342, 0.0]","[0.04145566746592522, -0.1595560610294342, 0.0016470265109091997]",0.04145566746592522,0.0,0.0016470265109091997
data/traces/walk_v34_multi/2800/gentle_vxp000_vyp000_yawn030.npz,2800,clean,780,"[0.0, 0.0, -0.30000001192092896]","[0.0, 0.0, -0.4289228916168213]","[0.04698684439063072, 0.02169579267501831, -0.4289228916168213]",0.04698684439063072,0.02169579267501831,0.0
data/traces/walk_v34_multi/2800/gentle_vxp000_vyp000_yawp030.npz,2800,clean,780,"[0.0, 0.0, 0.30000001192092896]","[0.0, 0.0, 0.4232139587402344]","[0.04677458852529526, -0.03834870830178261, 0.4232139587402344]",0.04677458852529526,0.03834870830178261,0.0
data/traces/walk_v34_multi/2800/gentle_vxp000_vyp020_yawp000.npz,2800,clean,780,"[0.0, 0.20000000298023224, 0.0]","[0.0, 0.15260908007621765, 0.0]","[0.026301881298422813, 0.15260908007621765, 0.01083418820053339]",0.026301881298422813,0.0,0.01083418820053339
data/traces/walk_v34_multi/2800/gentle_vxp020_vyn020_yawp000.npz,2800,clean,780,"[0.20000000298023224, -0.20000000298023224, 0.0]","[0.17576861381530762, -0.12417253851890564, 0.0]","[0.17576861381530762, -0.12417253851890564, 0.00014748309331480414]",0.0,0.0,0.00014748309331480414
data/traces/walk_v34_multi/2800/gentle_vxp020_vyp000_yawp000.npz,2800,clean,780,"[0.20000000298023224, 0.0, 0.0]","[0.19686801731586456, 0.0, 0.0]","[0.19686801731586456, -0.005976569373160601, 0.023073557764291763]",0.0,0.005976569373160601,0.023073557764291763
data/traces/walk_v34_multi/2800/gentle_vxp020_vyp000_yawp030.npz,2800,clean,780,"[0.20000000298023224, 0.0, 0.30000001192092896]","[0.18723803758621216, 0.0, 0.44895273447036743]","[0.18723803758621216, -0.03171202912926674, 0.44895273447036743]",0.0,0.03171202912926674,0.0
data/traces/walk_v34_multi/2800/gentle_vxp020_vyp020_yawp000.npz,2800,clean,780,"[0.20000000298023224, 0.20000000298023224, 0.0]","[0.16844454407691956, 0.1261887401342392, 0.0]","[0.16844454407691956, 0.1261887401342392, 0.031173299998044968]",0.0,0.0,0.031173299998044968
data/traces/walk_v34_multi/2800/ood_vxp000_vyn040_yawp000.npz,2800,clean,780,"[0.0, -0.4000000059604645, 0.0]","[0.0, -0.29079023003578186, 0.0]","[0.026989856734871864, -0.29079023003578186, -0.011389467865228653]",0.026989856734871864,0.0,0.011389467865228653
data/traces/walk_v34_multi/2800/ood_vxp000_vyn045_yawp000.npz,2800,clean,780,"[0.0, -0.44999998807907104, 0.0]","[0.0, -0.31503334641456604, 0.0]","[0.024110080674290657, -0.31503334641456604, -0.01059973705559969]",0.024110080674290657,0.0,0.01059973705559969
data/traces/walk_v34_multi/2800/ood_vxp000_vyp040_yawp000.npz,2800,clean,780,"[0.0, 0.4000000059604645, 0.0]","[0.0, 0.27162301540374756, 0.0]","[0.008705017156898975, 0.27162301540374756, 0.045584216713905334]",0.008705017156898975,0.0,0.045584216713905334
data/traces/walk_v34_multi/2800/ood_vxp000_vyp045_yawp000.npz,2800,clean,780,"[0.0, 0.44999998807907104, 0.0]","[0.0, 0.2965327799320221, 0.0]","[0.006963880266994238, 0.2965327799320221, 0.02488413266837597]",0.006963880266994238,0.0,0.02488413266837597
data/traces/walk_v34_multi/2800/vxn030_vyp000_yawp050.npz,2800,clean,780,"[-0.30000001192092896, 0.0, 0.5]","[-0.18401674926280975, 0.0, 0.6744727492332458]","[-0.18401674926280975, -0.054237909615039825, 0.6744727492332458]",0.0,0.054237909615039825,0.0
data/traces/walk_v34_multi/2800/vxp000_vyn030_yawp000_extra.npz,2800,clean,780,"[0.0, -0.30000001192092896, 0.0]","[0.0, -0.23021595180034637, 0.0]","[0.03488019108772278, -0.23021595180034637, -0.005612493492662907]",0.03488019108772278,0.0,0.005612493492662907
data/traces/walk_v34_multi/2800/vxp000_vyp000_yawn100.npz,2800,clean,780,"[0.0, 0.0, -1.0]","[0.0, 0.0, -1.3832554817199707]","[0.022649496793746948, 0.08596034348011017, -1.3832554817199707]",0.022649496793746948,0.08596034348011017,0.0
data/traces/walk_v34_multi/2800/vxp000_vyp000_yawp100.npz,2800,clean,780,"[0.0, 0.0, 1.0]","[0.0, 0.0, 1.3352537155151367]","[0.02137632481753826, -0.09631232917308807, 1.3352537155151367]",0.02137632481753826,0.09631232917308807,0.0
data/traces/walk_v34_multi/2800/vxp000_vyp024_yawp000.npz,2800,clean,780,"[0.0, 0.30000001192092896, 0.0]","[0.0, 0.2191925346851349, 0.0]","[0.015364646911621094, 0.2191925346851349, 0.034723348915576935]",0.015364646911621094,0.0,0.034723348915576935
data/traces/walk_v34_multi/2800/vxp030_vyp000_yawn050.npz,2800,clean,780,"[0.30000001192092896, 0.0, -0.5]","[0.2504795491695404, 0.0, -0.6851662397384644]","[0.2504795491695404, 0.028489213436841965, -0.6851662397384644]",0.0,0.028489213436841965,0.0
data/traces/walk_v34_multi/2800/vxp030_vyp000_yawp000.npz,2800,clean,780,"[0.30000001192092896, 0.0, 0.0]","[0.26133954524993896, 0.0, 0.0]","[0.26133954524993896, -0.009210268035531044, 0.028391852974891663]",0.0,0.009210268035531044,0.028391852974891663
data/traces/walk_v34_multi/2800/vxp030_vyp000_yawp050.npz,2800,clean,780,"[0.30000001192092896, 0.0, 0.5]","[0.24142903089523315, 0.0, 0.742649495601654]","[0.24142903089523315, -0.04251712188124657, 0.742649495601654]",0.0,0.04251712188124657,0.0
data/traces/walk_v34_multi/2800/vxp030_vyp030_yawp000.npz,2800,clean,780,"[0.30000001192092896, 0.30000001192092896, 0.0]","[0.20335009694099426, 0.18056507408618927, 0.0]","[0.20335009694099426, 0.18056507408618927, 0.02073216624557972]",0.0,0.0,0.02073216624557972
data/traces/walk_v34_multi/2800/vxp050_vyp000_yawn050.npz,2800,clean,780,"[0.5, 0.0, -0.5]","[0.37047135829925537, 0.0, -0.6545260548591614]","[0.37047135829925537, 0.027239227667450905, -0.6545260548591614]",0.0,0.027239227667450905,0.0
data/traces/walk_v34_multi/2800/vxp050_vyp000_yawp050.npz,2800,clean,780,"[0.5, 0.0, 0.5]","[0.3647685647010803, 0.0, 0.7570962309837341]","[0.3647685647010803, -0.053969383239746094, 0.7570962309837341]",0.0,0.053969383239746094,0.0
data/traces/walk_v34_multi/3200/extra_vxp000_vyn015_yawp000.npz,3200,clean,780,"[0.0, -0.15000000596046448, 0.0]","[0.0, -0.09043654799461365, 0.0]","[0.028955260291695595, -0.09043654799461365, -0.016745639964938164]",0.028955260291695595,0.0,0.016745639964938164
data/traces/walk_v34_multi/3200/gentle_vxp000_vyp000_yawn030.npz,3200,clean,780,"[0.0, 0.0, -0.30000001192092896]","[0.0, 0.0, -0.31783586740493774]","[0.025361744686961174, 0.036101020872592926, -0.31783586740493774]",0.025361744686961174,0.036101020872592926,0.0
data/traces/walk_v34_multi/3200/gentle_vxp000_vyp000_yawp030.npz,3200,clean,780,"[0.0, 0.0, 0.30000001192092896]","[0.0, 0.0, 0.4071521759033203]","[0.026851516216993332, -0.03471675515174866, 0.4071521759033203]",0.026851516216993332,0.03471675515174866,0.0
data/traces/walk_v34_multi/3200/gentle_vxp020_vyp000_yawp000.npz,3200,clean,780,"[0.20000000298023224, 0.0, 0.0]","[0.12992413341999054, 0.0, 0.0]","[0.12992413341999054, 0.0063152494840323925, 0.04992841184139252]",0.0,0.0063152494840323925,0.04992841184139252
data/traces/walk_v34_multi/3200/gentle_vxp020_vyp000_yawp030.npz,3200,clean,780,"[0.20000000298023224, 0.0, 0.30000001192092896]","[0.13905872404575348, 0.0, 0.4124460518360138]","[0.13905872404575348, -0.013209194876253605, 0.4124460518360138]",0.0,0.013209194876253605,0.0
data/traces/walk_v34_multi/3200/vxp000_vyp000_yawn100.npz,3200,clean,780,"[0.0, 0.0, -1.0]","[0.0, 0.0, -1.16415536403656]","[0.029953723773360252, 0.09339488297700882, -1.16415536403656]",0.029953723773360252,0.09339488297700882,0.0
data/traces/walk_v34_multi/3200/vxp000_vyp000_yawp100.npz,3200,clean,780,"[0.0, 0.0, 1.0]","[0.0, 0.0, 1.251268982887268]","[0.019795849919319153, -0.07511454820632935, 1.251268982887268]",0.019795849919319153,0.07511454820632935,0.0
data/traces/walk_v34_multi/3200/vxp030_vyp000_yawn050.npz,3200,clean,780,"[0.30000001192092896, 0.0, -0.5]","[0.19798515737056732, 0.0, -0.5467487573623657]","[0.19798515737056732, 0.043950002640485764, -0.5467487573623657]",0.0,0.043950002640485764,0.0
data/traces/walk_v34_multi/3200/vxp030_vyp000_yawp050.npz,3200,clean,780,"[0.30000001192092896, 0.0, 0.5]","[0.1968880146741867, 0.0, 0.6524338722229004]","[0.1968880146741867, -0.012964065186679363, 0.6524338722229004]",0.0,0.012964065186679363,0.0
data/traces/walk_v34_multi/3200/vxp050_vyp000_yawn050.npz,3200,clean,780,"[0.5, 0.0, -0.5]","[0.30731630325317383, 0.0, -0.5337581634521484]","[0.30731630325317383, 0.027908066287636757, -0.5337581634521484]",0.0,0.027908066287636757,0.0
data/traces/walk_v34_multi/3600/gentle_vxp020_vyp000_yawp000.npz,3600,clean,780,"[0.20000000298023224, 0.0, 0.0]","[0.21442027390003204, 0.0, 0.0]","[0.21442027390003204, -0.005197733175009489, 0.03892195224761963]",0.0,0.005197733175009489,0.03892195224761963
data/traces/walk_v34_multi/3600/gentle_vxp020_vyp000_yawp030.npz,3600,clean,780,"[0.20000000298023224, 0.0, 0.30000001192092896]","[0.19782069325447083, 0.0, 0.44031286239624023]","[0.19782069325447083, -0.01442928146570921, 0.44031286239624023]",0.0,0.01442928146570921,0.0
data/traces/walk_v34_multi/3600/ood_vxn040_vyp000_yawp000.npz,3600,clean,780,"[-0.4000000059604645, 0.0, 0.0]","[-0.2516111731529236, 0.0, 0.0]","[-0.2516111731529236, -0.004747229162603617, 0.04349051043391228]",0.0,0.004747229162603617,0.04349051043391228
data/traces/walk_v34_multi/3600/ood_vxn050_vyp000_yawp000.npz,3600,clean,780,"[-0.5, 0.0, 0.0]","[-0.4884476363658905, 0.0, 0.0]","[-0.4884476363658905, 0.009760969318449497, 0.023633183911442757]",0.0,0.009760969318449497,0.023633183911442757
data/traces/walk_v34_multi/3600/vxn030_vyn030_yawp000.npz,3600,clean,780,"[-0.30000001192092896, -0.30000001192092896, 0.0]","[-0.1801760196685791, -0.18361391127109528, 0.0]","[-0.1801760196685791, -0.18361391127109528, 0.030788136646151543]",0.0,0.0,0.030788136646151543
data/traces/walk_v34_multi/3600/vxp000_vyp000_yawn100.npz,3600,clean,780,"[0.0, 0.0, -1.0]","[0.0, 0.0, -1.26298987865448]","[0.024931803345680237, 0.025519676506519318, -1.26298987865448]",0.024931803345680237,0.025519676506519318,0.0
data/traces/walk_v34_multi/3600/vxp000_vyp000_yawp100.npz,3600,clean,780,"[0.0, 0.0, 1.0]","[0.0, 0.0, 1.323592185974121]","[0.01177801750600338, -0.042932651937007904, 1.323592185974121]",0.01177801750600338,0.042932651937007904,0.0
data/traces/walk_v34_multi/3600/vxp030_vyp000_yawn050.npz,3600,clean,780,"[0.30000001192092896, 0.0, -0.5]","[0.25436335802078247, 0.0, -0.6259856820106506]","[0.25436335802078247, 0.006121340673416853, -0.6259856820106506]",0.0,0.006121340673416853,0.0
data/traces/walk_v34_multi/3600/vxp030_vyp000_yawp050.npz,3600,clean,780,"[0.30000001192092896, 0.0, 0.5]","[0.2535148561000824, 0.0, 0.6846072673797607]","[0.2535148561000824, -0.01577070541679859, 0.6846072673797607]",0.0,0.01577070541679859,0.0
data/traces/walk_v34_multi/3600/vxp050_vyp000_yawn050.npz,3600,clean,780,"[0.5, 0.0, -0.5]","[0.36470308899879456, 0.0, -0.6208056211471558]","[0.36470308899879456, 0.01026899367570877, -0.6208056211471558]",0.0,0.01026899367570877,0.0
data/traces/walk_v34_multi/3600/vxp050_vyp000_yawp050.npz,3600,clean,780,"[0.5, 0.0, 0.5]","[0.3614814877510071, 0.0, 0.6951659917831421]","[0.3614814877510071, -0.021561576053500175, 0.6951659917831421]",0.0,0.021561576053500175,0.0
data/traces/walk_v34_multi/4200/gentle_vxp020_vyp000_yawp030.npz,4200,clean,780,"[0.20000000298023224, 0.0, 0.30000001192092896]","[0.2170364111661911, 0.0, 0.4240172505378723]","[0.2170364111661911, -0.019137362018227577, 0.4240172505378723]",0.0,0.019137362018227577,0.0
data/traces/walk_v34_multi/4200/vxp000_vyp000_yawp000.npz,4200,clean,780,"[0.0, 0.0, 0.0]","[0.0, 0.0, 0.0]","[0.006600748281925917, 0.0003307977458462119, 0.007439098320901394]",0.006600748281925917,0.0003307977458462119,0.007439098320901394
data/traces/walk_v34_multi/4200/vxp030_vyp000_yawn050.npz,4200,clean,780,"[0.30000001192092896, 0.0, -0.5]","[0.26776012778282166, 0.0, -0.5374329686164856]","[0.26776012778282166, 0.0003211134753655642, -0.5374329686164856]",0.0,0.0003211134753655642,0.0
data/traces/walk_v34_multi/4200/vxp030_vyp000_yawp050.npz,4200,clean,780,"[0.30000001192092896, 0.0, 0.5]","[0.27217531204223633, 0.0, 0.66372150182724]","[0.27217531204223633, -0.027364734560251236, 0.66372150182724]",0.0,0.027364734560251236,0.0
data/traces/walk_v34_multi/4200/vxp050_vyp000_yawn050.npz,4200,clean,780,"[0.5, 0.0, -0.5]","[0.36227402091026306, 0.0, -0.5687201023101807]","[0.36227402091026306, 0.006004221737384796, -0.5687201023101807]",0.0,0.006004221737384796,0.0
data/traces/walk_v34_multi/4200/vxp050_vyp000_yawp050.npz,4200,clean,780,"[0.5, 0.0, 0.5]","[0.3598143458366394, 0.0, 0.691733717918396]","[0.3598143458366394, -0.03672951087355614, 0.691733717918396]",0.0,0.03672951087355614,0.0
data/traces/walk_v34_multi/5400/gentle_vxn020_vyp000_yawp000.npz,5400,clean,780,"[-0.20000000298023224, 0.0, 0.0]","[-0.17127203941345215, 0.0, 0.0]","[-0.17127203941345215, 0.008190704509615898, 0.016671331599354744]",0.0,0.008190704509615898,0.016671331599354744
data/traces/walk_v34_multi/5400/gentle_vxn020_vyp020_yawp000.npz,5400,clean,780,"[-0.20000000298023224, 0.20000000298023224, 0.0]","[-0.14174015820026398, 0.1261092871427536, 0.0]","[-0.14174015820026398, 0.1261092871427536, -0.03109024651348591]",0.0,0.0,0.03109024651348591
data/traces/walk_v34_multi/5400/gentle_vxp000_vyp000_yawp030.npz,5400,clean,780,"[0.0, 0.0, 0.30000001192092896]","[0.0, 0.0, 0.41917771100997925]","[-0.007146416697651148, 0.0056790816597640514, 0.41917771100997925]",0.007146416697651148,0.0056790816597640514,0.0
data/traces/walk_v34_multi/5400/gentle_vxp020_vyp000_yawp030.npz,5400,clean,780,"[0.20000000298023224, 0.0, 0.30000001192092896]","[0.1458819955587387, 0.0, 0.43920981884002686]","[0.1458819955587387, -0.00479821115732193, 0.43920981884002686]",0.0,0.00479821115732193,0.0
data/traces/walk_v34_multi/5400/ood_vxn040_vyp000_yawp000.npz,5400,clean,780,"[-0.4000000059604645, 0.0, 0.0]","[-0.30205902457237244, 0.0, 0.0]","[-0.30205902457237244, 0.0051740361377596855, 0.0037362140137702227]",0.0,0.0051740361377596855,0.0037362140137702227
data/traces/walk_v34_multi/5400/ood_vxn050_vyp000_yawp000.npz,5400,clean,780,"[-0.5, 0.0, 0.0]","[-0.3852093517780304, 0.0, 0.0]","[-0.3852093517780304, 0.012627778574824333, 0.01580379530787468]",0.0,0.012627778574824333,0.01580379530787468
data/traces/walk_v34_multi/5400/vxn030_vyp000_yawn050.npz,5400,clean,780,"[-0.30000001192092896, 0.0, -0.5]","[-0.24142487347126007, 0.0, -0.5903300046920776]","[-0.24142487347126007, 0.027606869116425514, -0.5903300046920776]",0.0,0.027606869116425514,0.0
data/traces/walk_v34_multi/5400/vxn030_vyp000_yawp000.npz,5400,clean,780,"[-0.30000001192092896, 0.0, 0.0]","[-0.24441733956336975, 0.0, 0.0]","[-0.24441733956336975, 0.007958394475281239, 0.006195222493261099]",0.0,0.007958394475281239,0.006195222493261099
data/traces/walk_v34_multi/5400/vxn030_vyp000_yawp050.npz,5400,clean,780,"[-0.30000001192092896, 0.0, 0.5]","[-0.22225818037986755, 0.0, 0.6207444667816162]","[-0.22225818037986755, -0.018787650391459465, 0.6207444667816162]",0.0,0.018787650391459465,0.0
data/traces/walk_v34_multi/5400/vxp000_vyp000_yawn100.npz,5400,clean,780,"[0.0, 0.0, -1.0]","[0.0, 0.0, -1.2249342203140259]","[-0.020216748118400574, 0.028852371498942375, -1.2249342203140259]",0.020216748118400574,0.028852371498942375,0.0
data/traces/walk_v34_multi/5400/vxp000_vyp000_yawp000.npz,5400,clean,780,"[0.0, 0.0, 0.0]","[0.0, 0.0, 0.0]","[0.02119259722530842, 0.0017553758807480335, 0.019071729853749275]",0.02119259722530842,0.0017553758807480335,0.019071729853749275
data/traces/walk_v34_multi/5400/vxp000_vyp000_yawp100.npz,5400,clean,780,"[0.0, 0.0, 1.0]","[0.0, 0.0, 1.29045569896698]","[0.005493131000548601, -0.018304739147424698, 1.29045569896698]",0.005493131000548601,0.018304739147424698,0.0
data/traces/walk_v34_multi/5400/vxp030_vyp000_yawn050.npz,5400,clean,780,"[0.30000001192092896, 0.0, -0.5]","[0.2063930481672287, 0.0, -0.5929133296012878]","[0.2063930481672287, 0.008935155346989632, -0.5929133296012878]",0.0,0.008935155346989632,0.0
data/traces/walk_v34_multi/5400/vxp030_vyp000_yawp000.npz,5400,clean,780,"[0.30000001192092896, 0.0, 0.0]","[0.20989803969860077, 0.0, 0.0]","[0.20989803969860077, 0.008525058627128601, 0.03403311222791672]",0.0,0.008525058627128601,0.03403311222791672
data/traces/walk_v34_multi/5400/vxp030_vyp000_yawp050.npz,5400,clean,780,"[0.30000001192092896, 0.0, 0.5]","[0.2127671092748642, 0.0, 0.7011845707893372]","[0.2127671092748642, -0.007067413534969091, 0.7011845707893372]",0.0,0.007067413534969091,0.0
data/traces/walk_v34_multi/5400/vxp040_vyp000_yawp000.npz,5400,clean,780,"[0.5, 0.0, 0.0]","[0.3846902549266815, 0.0, 0.0]","[0.3846902549266815, 0.005916512571275234, 0.03597762808203697]",0.0,0.005916512571275234,0.03597762808203697
data/traces/walk_v34_multi/5400/vxp050_vyp000_yawp000.npz,5400,clean,780,"[0.5, 0.0, 0.0]","[0.3846902549266815, 0.0, 0.0]","[0.3846902549266815, 0.005916512571275234, 0.03597762808203697]",0.0,0.005916512571275234,0.03597762808203697
data/traces/walk_v34_multi/6000/gentle_vxp020_vyp000_yawp000.npz,6000,clean,780,"[0.20000000298023224, 0.0, 0.0]","[0.17971695959568024, 0.0, 0.0]","[0.17971695959568024, -0.002749023027718067, 0.03283807262778282]",0.0,0.002749023027718067,0.03283807262778282
data/traces/walk_v34_multi/6000/gentle_vxp020_vyp000_yawp030.npz,6000,clean,780,"[0.20000000298023224, 0.0, 0.30000001192092896]","[0.17989280819892883, 0.0, 0.386044979095459]","[0.17989280819892883, 0.011170764453709126, 0.386044979095459]",0.0,0.011170764453709126,0.0
data/traces/walk_v34_multi/6000/vxp000_vyp000_yawp000.npz,6000,clean,780,"[0.0, 0.0, 0.0]","[0.0, 0.0, 0.0]","[0.00023544527357444167, 7.08192092133686e-05, 0.009714229963719845]",0.00023544527357444167,7.08192092133686e-05,0.009714229963719845
data/traces/walk_v34_multi/6000/vxp030_vyp000_yawn050.npz,6000,clean,780,"[0.30000001192092896, 0.0, -0.5]","[0.2254558503627777, 0.0, -0.5680181384086609]","[0.2254558503627777, -0.02124091051518917, -0.5680181384086609]",0.0,0.02124091051518917,0.0
data/traces/walk_v34_multi/6000/vxp030_vyp000_yawp000.npz,6000,clean,780,"[0.30000001192092896, 0.0, 0.0]","[0.21468739211559296, 0.0, 0.0]","[0.21468739211559296, -0.0010129018919542432, 0.03510875254869461]",0.0,0.0010129018919542432,0.03510875254869461
data/traces/walk_v34_multi/6000/vxp030_vyp000_yawp050.npz,6000,clean,780,"[0.30000001192092896, 0.0, 0.5]","[0.2299555540084839, 0.0, 0.6571345925331116]","[0.2299555540084839, 0.01568092219531536, 0.6571345925331116]",0.0,0.01568092219531536,0.0
data/traces/walk_v34_multi/800/gentle_vxp000_vyp000_yawn030.npz,800,clean,780,"[0.0, 0.0, -0.30000001192092896]","[0.0, 0.0, -0.32615888118743896]","[0.03649895638227463, 0.013797519728541374, -0.32615888118743896]",0.03649895638227463,0.013797519728541374,0.0
data/traces/walk_v34_multi/800/gentle_vxp000_vyp000_yawp030.npz,800,clean,780,"[0.0, 0.0, 0.30000001192092896]","[0.0, 0.0, 0.31140947341918945]","[0.03543757274746895, -0.0062170485034585, 0.31140947341918945]",0.03543757274746895,0.0062170485034585,0.0
data/traces/walk_v34_multi/800/gentle_vxp020_vyp000_yawp000.npz,800,clean,780,"[0.20000000298023224, 0.0, 0.0]","[0.14848573505878448, 0.0, 0.0]","[0.14848573505878448, 0.0043044742196798325, 0.004898789804428816]",0.0,0.0043044742196798325,0.004898789804428816
data/traces/walk_v34_multi/800/gentle_vxp020_vyp000_yawp030.npz,800,clean,780,"[0.20000000298023224, 0.0, 0.30000001192092896]","[0.13857455551624298, 0.0, 0.2954224646091461]","[0.13857455551624298, 0.0005379730719141662, 0.2954224646091461]",0.0,0.0005379730719141662,0.0
data/traces/walk_v34_multi/800/vxp000_vyp000_yawn100.npz,800,clean,780,"[0.0, 0.0, -1.0]","[0.0, 0.0, -1.0188274383544922]","[0.01559168379753828, 0.03717808052897453, -1.0188274383544922]",0.01559168379753828,0.03717808052897453,0.0
data/traces/walk_v34_multi/800/vxp000_vyp000_yawp000.npz,800,clean,780,"[0.0, 0.0, 0.0]","[0.0, 0.0, 0.0]","[0.0009766664588823915, 0.00015083307516761124, 0.0005416333442553878]",0.0009766664588823915,0.00015083307516761124,0.0005416333442553878
data/traces/walk_v34_multi/800/vxp000_vyp000_yawp100.npz,800,clean,780,"[0.0, 0.0, 1.0]","[0.0, 0.0, 0.9995065331459045]","[0.009902027435600758, -0.025690216571092606, 0.9995065331459045]",0.009902027435600758,0.025690216571092606,0.0
data/traces/walk_v34_multi/800/vxp030_vyp000_yawp050.npz,800,clean,780,"[0.30000001192092896, 0.0, 0.5]","[0.18660658597946167, 0.0, 0.5020644068717957]","[0.18660658597946167, 0.0024442074354737997, 0.5020644068717957]",0.0,0.0024442074354737997,0.0
data/traces/walk_v34_multi/8000/gentle_vxn020_vyp000_yawp000.npz,8000,clean,780,"[-0.20000000298023224, 0.0, 0.0]","[-0.27392855286598206, 0.0, 0.0]","[-0.27392855286598206, -0.03926070034503937, 0.008307046256959438]",0.0,0.03926070034503937,0.008307046256959438
data/traces/walk_v34_multi/8000/ood_vxn040_vyp000_yawp000.npz,8000,clean,780,"[-0.4000000059604645, 0.0, 0.0]","[-0.5210216045379639, 0.0, 0.0]","[-0.5210216045379639, -0.008103919215500355, 0.007568924222141504]",0.0,0.008103919215500355,0.007568924222141504
data/traces/walk_v34_multi/8000/vxn030_vyp000_yawp000.npz,8000,clean,780,"[-0.30000001192092896, 0.0, 0.0]","[-0.37155839800834656, 0.0, 0.0]","[-0.37155839800834656, -0.0416765995323658, 0.004286226350814104]",0.0,0.0416765995323658,0.004286226350814104
data/traces/walk_v34_multi/8000/vxp000_vyp000_yawp100.npz,8000,clean,780,"[0.0, 0.0, 1.0]","[0.0, 0.0, 1.210357904434204]","[-0.029279204085469246, -0.02839227207005024, 1.210357904434204]",0.029279204085469246,0.02839227207005024,0.0
data/traces/walk_v34_multifreq/f20/2800/vxp030_vyp000_yawn050.npz,2800,clean,780,"[0.30000001192092896, 0.0, -0.5]","[0.22911815345287323, 0.0, -0.6032801866531372]","[0.22911815345287323, -0.011889917775988579, -0.6032801866531372]",0.0,0.011889917775988579,0.0
data/traces/walk_v34_multifreq/f20/2800/vxp030_vyp000_yawp000.npz,2800,clean,780,"[0.30000001192092896, 0.0, 0.0]","[0.25207027792930603, 0.0, 0.0]","[0.25207027792930603, -0.010557246394455433, -0.0003712652833200991]",0.0,0.010557246394455433,0.0003712652833200991
data/traces/walk_v34_multifreq/f20/2800/vxp050_vyp000_yawn050.npz,2800,clean,780,"[0.5, 0.0, -0.5]","[0.32683733105659485, 0.0, -0.5623226761817932]","[0.32683733105659485, -0.004399300552904606, -0.5623226761817932]",0.0,0.004399300552904606,0.0
data/traces/walk_v34_multifreq/f20/2800/vxp050_vyp000_yawp000.npz,2800,clean,780,"[0.5, 0.0, 0.0]","[0.3445652723312378, 0.0, 0.0]","[0.3445652723312378, -0.01712324097752571, 0.04859048128128052]",0.0,0.01712324097752571,0.04859048128128052
data/traces/walk_v34_multifreq/f20/2800/vxp070_vyp000_yawp000.npz,2800,clean,780,"[0.699999988079071, 0.0, 0.0]","[0.45884910225868225, 0.0, 0.0]","[0.45884910225868225, -0.03306404501199722, 0.03798417001962662]",0.0,0.03306404501199722,0.03798417001962662
data/traces/walk_v34_multifreq/f20/3200/vxp030_vyp000_yawn050.npz,3200,clean,780,"[0.30000001192092896, 0.0, -0.5]","[0.231704443693161, 0.0, -0.5326998233795166]","[0.231704443693161, 0.015647076070308685, -0.5326998233795166]",0.0,0.015647076070308685,0.0
data/traces/walk_v34_multifreq/f20/3200/vxp030_vyp000_yawp000.npz,3200,clean,780,"[0.30000001192092896, 0.0, 0.0]","[0.24265994131565094, 0.0, 0.0]","[0.24265994131565094, 0.004024496767669916, 0.027258219197392464]",0.0,0.004024496767669916,0.027258219197392464
data/traces/walk_v34_multifreq/f20/3200/vxp030_vyp000_yawp050.npz,3200,clean,780,"[0.30000001192092896, 0.0, 0.5]","[0.21282871067523956, 0.0, 0.6025587916374207]","[0.21282871067523956, -0.005352836102247238, 0.6025587916374207]",0.0,0.005352836102247238,0.0
data/traces/walk_v34_multifreq/f20/3200/vxp050_vyp000_yawp000.npz,3200,clean,780,"[0.5, 0.0, 0.0]","[0.3122665584087372, 0.0, 0.0]","[0.3122665584087372, 2.422812394797802e-05, 0.026322560384869576]",0.0,2.422812394797802e-05,0.026322560384869576
data/traces/walk_v34_multifreq/f20/3600/vxp000_vyp000_yawn100.npz,3600,clean,780,"[0.0, 0.0, -1.0]","[0.0, 0.0, -1.249319076538086]","[0.04551905766129494, 0.009984353557229042, -1.249319076538086]",0.04551905766129494,0.009984353557229042,0.0
data/traces/walk_v34_multifreq/f20/3600/vxp000_vyp000_yawp100.npz,3600,clean,780,"[0.0, 0.0, 1.0]","[0.0, 0.0, 1.3343433141708374]","[0.02944435551762581, -0.04657934233546257, 1.3343433141708374]",0.02944435551762581,0.04657934233546257,0.0
data/traces/walk_v34_multifreq/f20/3600/vxp030_vyp000_yawn050.npz,3600,clean,780,"[0.30000001192092896, 0.0, -0.5]","[0.21873532235622406, 0.0, -0.6256211400032043]","[0.21873532235622406, -0.012049917131662369, -0.6256211400032043]",0.0,0.012049917131662369,0.0
data/traces/walk_v34_multifreq/f20/3600/vxp030_vyp000_yawp050.npz,3600,clean,780,"[0.30000001192092896, 0.0, 0.5]","[0.21298560500144958, 0.0, 0.6943309307098389]","[0.21298560500144958, -0.01219121366739273, 0.6943309307098389]",0.0,0.01219121366739273,0.0
data/traces/walk_v34_multifreq/f20/3600/vxp050_vyp000_yawn050.npz,3600,clean,780,"[0.5, 0.0, -0.5]","[0.32221171259880066, 0.0, -0.6326122879981995]","[0.32221171259880066, -0.014183104038238525, -0.6326122879981995]",0.0,0.014183104038238525,0.0
data/traces/walk_v34_multifreq/f20/3600/vxp050_vyp000_yawp050.npz,3600,clean,780,"[0.5, 0.0, 0.5]","[0.3128856122493744, 0.0, 0.7154055833816528]","[0.3128856122493744, -0.014800550416111946, 0.7154055833816528]",0.0,0.014800550416111946,0.0
data/traces/walk_v34_multifreq/f20/5400/vxp000_vyp000_yawn100.npz,5400,clean,780,"[0.0, 0.0, -1.0]","[0.0, 0.0, -1.2173161506652832]","[0.026080898940563202, 0.008101376704871655, -1.2173161506652832]",0.026080898940563202,0.008101376704871655,0.0
data/traces/walk_v34_multifreq/f20/5400/vxp000_vyp000_yawp000.npz,5400,clean,780,"[0.0, 0.0, 0.0]","[0.0, 0.0, 0.0]","[0.02119259722530842, 0.0017553758807480335, 0.019071729853749275]",0.02119259722530842,0.0017553758807480335,0.019071729853749275
data/traces/walk_v34_multifreq/f225/2800/vxp030_vyp000_yawn050.npz,2800,clean,780,"[0.30000001192092896, 0.0, -0.5]","[0.24881693720817566, 0.0, -0.6593855619430542]","[0.24881693720817566, 0.0024557989090681076, -0.6593855619430542]",0.0,0.0024557989090681076,0.0
data/traces/walk_v34_multifreq/f225/2800/vxp030_vyp000_yawp000.npz,2800,clean,780,"[0.30000001192092896, 0.0, 0.0]","[0.26265808939933777, 0.0, 0.0]","[0.26265808939933777, -0.012338509783148766, 0.014062323607504368]",0.0,0.012338509783148766,0.014062323607504368
data/traces/walk_v34_multifreq/f225/2800/vxp030_vyp000_yawp050.npz,2800,clean,780,"[0.30000001192092896, 0.0, 0.5]","[0.24800124764442444, 0.0, 0.6948250532150269]","[0.24800124764442444, -0.03321478143334389, 0.6948250532150269]",0.0,0.03321478143334389,0.0
data/traces/walk_v34_multifreq/f225/2800/vxp050_vyp000_yawn050.npz,2800,clean,780,"[0.5, 0.0, -0.5]","[0.35258468985557556, 0.0, -0.6065353751182556]","[0.35258468985557556, 0.007499972824007273, -0.6065353751182556]",0.0,0.007499972824007273,0.0
data/traces/walk_v34_multifreq/f225/2800/vxp050_vyp000_yawp050.npz,2800,clean,780,"[0.5, 0.0, 0.5]","[0.352607399225235, 0.0, 0.7071899771690369]","[0.352607399225235, -0.0530901737511158, 0.7071899771690369]",0.0,0.0530901737511158,0.0
data/traces/walk_v34_multifreq/f225/3200/vxp000_vyp000_yawp100.npz,3200,clean,780,"[0.0, 0.0, 1.0]","[0.0, 0.0, 1.186245322227478]","[0.048175375908613205, -0.087459035217762, 1.186245322227478]",0.048175375908613205,0.087459035217762,0.0
data/traces/walk_v34_multifreq/f225/3200/vxp030_vyp000_yawn050.npz,3200,clean,780,"[0.30000001192092896, 0.0, -0.5]","[0.21947616338729858, 0.0, -0.543416440486908]","[0.21947616338729858, 0.026457885280251503, -0.543416440486908]",0.0,0.026457885280251503,0.0
data/traces/walk_v34_multifreq/f225/3200/vxp030_vyp000_yawp000.npz,3200,clean,780,"[0.30000001192092896, 0.0, 0.0]","[0.2226465493440628, 0.0, 0.0]","[0.2226465493440628, 0.006102021783590317, 0.045185353606939316]",0.0,0.006102021783590317,0.045185353606939316
data/traces/walk_v34_multifreq/f225/3200/vxp030_vyp000_yawp050.npz,3200,clean,780,"[0.30000001192092896, 0.0, 0.5]","[0.20859681069850922, 0.0, 0.6497493982315063]","[0.20859681069850922, -0.007882027886807919, 0.6497493982315063]",0.0,0.007882027886807919,0.0
data/traces/walk_v34_multifreq/f225/3200/vxp050_vyp000_yawn050.npz,3200,clean,780,"[0.5, 0.0, -0.5]","[0.30555808544158936, 0.0, -0.5327593684196472]","[0.30555808544158936, 0.009721346199512482, -0.5327593684196472]",0.0,0.009721346199512482,0.0
data/traces/walk_v34_multifreq/f225/3200/vxp050_vyp000_yawp000.npz,3200,clean,780,"[0.5, 0.0, 0.0]","[0.32155171036720276, 0.0, 0.0]","[0.32155171036720276, 0.004887840244919062, 0.03966858610510826]",0.0,0.004887840244919062,0.03966858610510826
data/traces/walk_v34_multifreq/f225/3600/vxp000_vyp000_yawn100.npz,3600,clean,780,"[0.0, 0.0, -1.0]","[0.0, 0.0, -1.264871597290039]","[0.03317895159125328, 0.018959175795316696, -1.264871597290039]",0.03317895159125328,0.018959175795316696,0.0
data/traces/walk_v34_multifreq/f225/3600/vxp000_vyp000_yawp100.npz,3600,clean,780,"[0.0, 0.0, 1.0]","[0.0, 0.0, 1.3336031436920166]","[0.021028095856308937, -0.050822753459215164, 1.3336031436920166]",0.021028095856308937,0.050822753459215164,0.0
data/traces/walk_v34_multifreq/f225/3600/vxp030_vyp000_yawn050.npz,3600,clean,780,"[0.30000001192092896, 0.0, -0.5]","[0.23555664718151093, 0.0, -0.6310707926750183]","[0.23555664718151093, -0.005966469179838896, -0.6310707926750183]",0.0,0.005966469179838896,0.0
data/traces/walk_v34_multifreq/f225/3600/vxp030_vyp000_yawp000.npz,3600,clean,780,"[0.30000001192092896, 0.0, 0.0]","[0.2533586621284485, 0.0, 0.0]","[0.2533586621284485, -0.012546690180897713, 0.04998794570565224]",0.0,0.012546690180897713,0.04998794570565224
data/traces/walk_v34_multifreq/f225/3600/vxp030_vyp000_yawp050.npz,3600,clean,780,"[0.30000001192092896, 0.0, 0.5]","[0.22840599715709686, 0.0, 0.6945714354515076]","[0.22840599715709686, -0.017248081043362617, 0.6945714354515076]",0.0,0.017248081043362617,0.0
data/traces/walk_v34_multifreq/f225/3600/vxp050_vyp000_yawn050.npz,3600,clean,780,"[0.5, 0.0, -0.5]","[0.344510555267334, 0.0, -0.6400159597396851]","[0.344510555267334, -0.0028020546305924654, -0.6400159597396851]",0.0,0.0028020546305924654,0.0
data/traces/walk_v34_multifreq/f225/3600/vxp050_vyp000_yawp050.npz,3600,clean,780,"[0.5, 0.0, 0.5]","[0.33430004119873047, 0.0, 0.7054646611213684]","[0.33430004119873047, -0.02026848867535591, 0.7054646611213684]",0.0,0.02026848867535591,0.0
data/traces/walk_v34_multifreq/f225/5400/vxp000_vyp000_yawn100.npz,5400,clean,780,"[0.0, 0.0, -1.0]","[0.0, 0.0, -1.2092258930206299]","[0.010331160388886929, 0.025082005187869072, -1.2092258930206299]",0.010331160388886929,0.025082005187869072,0.0
data/traces/walk_v34_multifreq/f225/5400/vxp000_vyp000_yawp000.npz,5400,clean,780,"[0.0, 0.0, 0.0]","[0.0, 0.0, 0.0]","[0.02119259722530842, 0.0017553758807480335, 0.019071729853749275]",0.02119259722530842,0.0017553758807480335,0.019071729853749275
data/traces/walk_v34_multifreq/f225/5400/vxp000_vyp000_yawp100.npz,5400,clean,780,"[0.0, 0.0, 1.0]","[0.0, 0.0, 1.2525132894515991]","[0.030301252380013466, -0.011627975851297379, 1.2525132894515991]",0.030301252380013466,0.011627975851297379,0.0
data/traces/walk_v34_multifreq/f225/5400/vxp030_vyp000_yawp000.npz,5400,clean,780,"[0.30000001192092896, 0.0, 0.0]","[0.19505763053894043, 0.0, 0.0]","[0.19505763053894043, -0.008970892056822777, 0.03923261910676956]",0.0,0.008970892056822777,0.03923261910676956
data/traces/walk_v34_multifreq/f275/2800/vxn030_vyn030_yawp000.npz,2800,clean,780,"[-0.30000001192092896, -0.30000001192092896, 0.0]","[-0.21583320200443268, -0.29669979214668274, 0.0]","[-0.21583320200443268, -0.29669979214668274, -0.02563842199742794]",0.0,0.0,0.02563842199742794
data/traces/walk_v34_multifreq/f275/2800/vxn030_vyp000_yawn050.npz,2800,clean,780,"[-0.30000001192092896, 0.0, -0.5]","[-0.22226150333881378, 0.0, -0.724668562412262]","[-0.22226150333881378, 0.013392260298132896, -0.724668562412262]",0.0,0.013392260298132896,0.0
data/traces/walk_v34_multifreq/f275/2800/vxn030_vyp000_yawp000.npz,2800,clean,780,"[-0.30000001192092896, 0.0, 0.0]","[-0.21771880984306335, 0.0, 0.0]","[-0.21771880984306335, -0.019674522802233696, -0.005899911280721426]",0.0,0.019674522802233696,0.005899911280721426
data/traces/walk_v34_multifreq/f275/2800/vxn030_vyp000_yawp050.npz,2800,clean,780,"[-0.30000001192092896, 0.0, 0.5]","[-0.23059187829494476, 0.0, 0.6978551745414734]","[-0.23059187829494476, -0.04610754922032356, 0.6978551745414734]",0.0,0.04610754922032356,0.0
data/traces/walk_v34_multifreq/f275/2800/vxn030_vyp030_yawp000.npz,2800,clean,780,"[-0.30000001192092896, 0.30000001192092896, 0.0]","[-0.2326681911945343, 0.2513498365879059, 0.0]","[-0.2326681911945343, 0.2513498365879059, 0.0417640246450901]",0.0,0.0,0.0417640246450901
data/traces/walk_v34_multifreq/f275/2800/vxp000_vyp000_yawn100.npz,2800,clean,780,"[0.0, 0.0, -1.0]","[0.0, 0.0, -1.3894717693328857]","[-0.011003822088241577, 0.08474361151456833, -1.3894717693328857]",0.011003822088241577,0.08474361151456833,0.0
data/traces/walk_v34_multifreq/f275/2800/vxp000_vyp000_yawp100.npz,2800,clean,780,"[0.0, 0.0, 1.0]","[0.0, 0.0, 1.3670870065689087]","[-0.02171163447201252, -0.10966501384973526, 1.3670870065689087]",0.02171163447201252,0.10966501384973526,0.0
data/traces/walk_v34_multifreq/f275/2800/vxp030_vyp000_yawn050.npz,2800,clean,780,"[0.30000001192092896, 0.0, -0.5]","[0.25147542357444763, 0.0, -0.6973376274108887]","[0.25147542357444763, 0.02987091988325119, -0.6973376274108887]",0.0,0.02987091988325119,0.0
data/traces/walk_v34_multifreq/f275/2800/vxp030_vyp000_yawp000.npz,2800,clean,780,"[0.30000001192092896, 0.0, 0.0]","[0.2659624218940735, 0.0, 0.0]","[0.2659624218940735, -0.012761344201862812, 0.02936527319252491]",0.0,0.012761344201862812,0.02936527319252491
data/traces/walk_v34_multifreq/f275/2800/vxp030_vyp000_yawp050.npz,2800,clean,780,"[0.30000001192092896, 0.0, 0.5]","[0.2457686960697174, 0.0, 0.7461718320846558]","[0.2457686960697174, -0.056294746696949005, 0.7461718320846558]",0.0,0.056294746696949005,0.0
data/traces/walk_v34_multifreq/f275/2800/vxp030_vyp030_yawp000.npz,2800,clean,780,"[0.30000001192092896, 0.30000001192092896, 0.0]","[0.19624873995780945, 0.20118510723114014, 0.0]","[0.19624873995780945, 0.20118510723114014, 0.0017524594441056252]",0.0,0.0,0.0017524594441056252
data/traces/walk_v34_multifreq/f275/2800/vxp050_vyp000_yawn050.npz,2800,clean,780,"[0.5, 0.0, -0.5]","[0.39102205634117126, 0.0, -0.6686103343963623]","[0.39102205634117126, 0.026059817522764206, -0.6686103343963623]",0.0,0.026059817522764206,0.0
data/traces/walk_v34_multifreq/f275/2800/vxp050_vyp000_yawp000.npz,2800,clean,780,"[0.5, 0.0, 0.0]","[0.4036857783794403, 0.0, 0.0]","[0.4036857783794403, -0.023199107497930527, 0.03697458282113075]",0.0,0.023199107497930527,0.03697458282113075
data/traces/walk_v34_multifreq/f275/2800/vxp050_vyp000_yawp050.npz,2800,clean,780,"[0.5, 0.0, 0.5]","[0.38175249099731445, 0.0, 0.7422444820404053]","[0.38175249099731445, -0.0654236227273941, 0.7422444820404053]",0.0,0.0654236227273941,0.0
data/traces/walk_v34_multifreq/f275/3200/vxn030_vyp000_yawn050.npz,3200,clean,780,"[-0.30000001192092896, 0.0, -0.5]","[-0.18502730131149292, 0.0, -0.5483223795890808]","[-0.18502730131149292, 0.04284380376338959, -0.5483223795890808]",0.0,0.04284380376338959,0.0
data/traces/walk_v34_multifreq/f275/3200/vxp000_vyp000_yawn100.npz,3200,clean,780,"[0.0, 0.0, -1.0]","[0.0, 0.0, -1.1572073698043823]","[0.004565236158668995, 0.0787225291132927, -1.1572073698043823]",0.004565236158668995,0.0787225291132927,0.0
data/traces/walk_v34_multifreq/f275/3200/vxp000_vyp000_yawp100.npz,3200,clean,780,"[0.0, 0.0, 1.0]","[0.0, 0.0, 1.243125081062317]","[0.0014207131462171674, -0.0742746889591217, 1.243125081062317]",0.0014207131462171674,0.0742746889591217,0.0
data/traces/walk_v34_multifreq/f275/3200/vxp030_vyp000_yawn050.npz,3200,clean,780,"[0.30000001192092896, 0.0, -0.5]","[0.19452835619449615, 0.0, -0.5451447367668152]","[0.19452835619449615, 0.03868443891406059, -0.5451447367668152]",0.0,0.03868443891406059,0.0
data/traces/walk_v34_multifreq/f275/3200/vxp030_vyp000_yawp000.npz,3200,clean,780,"[0.30000001192092896, 0.0, 0.0]","[0.19133609533309937, 0.0, 0.0]","[0.19133609533309937, 0.0036741686053574085, 0.04581766203045845]",0.0,0.0036741686053574085,0.04581766203045845
data/traces/walk_v34_multifreq/f275/3200/vxp030_vyp000_yawp050.npz,3200,clean,780,"[0.30000001192092896, 0.0, 0.5]","[0.1951952427625656, 0.0, 0.6421120762825012]","[0.1951952427625656, -0.02275574952363968, 0.6421120762825012]",0.0,0.02275574952363968,0.0
data/traces/walk_v34_multifreq/f275/3200/vxp050_vyp000_yawn050.npz,3200,clean,780,"[0.5, 0.0, -0.5]","[0.3185889720916748, 0.0, -0.5318803787231445]","[0.3185889720916748, 0.021998705342411995, -0.5318803787231445]",0.0,0.021998705342411995,0.0
data/traces/walk_v34_multifreq/f275/3200/vxp050_vyp000_yawp000.npz,3200,clean,780,"[0.5, 0.0, 0.0]","[0.31830793619155884, 0.0, 0.0]","[0.31830793619155884, 0.0038315558340400457, 0.04496603086590767]",0.0,0.0038315558340400457,0.04496603086590767
data/traces/walk_v34_multifreq/f275/3200/vxp050_vyp000_yawp050.npz,3200,clean,780,"[0.5, 0.0, 0.5]","[0.3087500035762787, 0.0, 0.6363202333450317]","[0.3087500035762787, -0.009129156358540058, 0.6363202333450317]",0.0,0.009129156358540058,0.0
data/traces/walk_v34_multifreq/f275/3600/vxn030_vyp000_yawn050.npz,3600,clean,780,"[-0.30000001192092896, 0.0, -0.5]","[-0.19520260393619537, 0.0, -0.6187437176704407]","[-0.19520260393619537, 0.0034910712856799364, -0.6187437176704407]",0.0,0.0034910712856799364,0.0
data/traces/walk_v34_multifreq/f275/3600/vxn030_vyp000_yawp050.npz,3600,clean,780,"[-0.30000001192092896, 0.0, 0.5]","[-0.19840726256370544, 0.0, 0.7569095492362976]","[-0.19840726256370544, -0.021832337602972984, 0.7569095492362976]",0.0,0.021832337602972984,0.0
data/traces/walk_v34_multifreq/f275/3600/vxn030_vyp030_yawp000.npz,3600,clean,780,"[-0.30000001192092896, 0.30000001192092896, 0.0]","[-0.22461940348148346, 0.18597641587257385, 0.0]","[-0.22461940348148346, 0.18597641587257385, 0.04462642967700958]",0.0,0.0,0.04462642967700958
data/traces/walk_v34_multifreq/f275/3600/vxp000_vyp000_yawn100.npz,3600,clean,780,"[0.0, 0.0, -1.0]","[0.0, 0.0, -1.234454870223999]","[0.02655469998717308, 0.015078403986990452, -1.234454870223999]",0.02655469998717308,0.015078403986990452,0.0
data/traces/walk_v34_multifreq/f275/3600/vxp000_vyp000_yawp100.npz,3600,clean,780,"[0.0, 0.0, 1.0]","[0.0, 0.0, 1.2898592948913574]","[-0.00021129517699591815, -0.03652234748005867, 1.2898592948913574]",0.00021129517699591815,0.03652234748005867,0.0
data/traces/walk_v34_multifreq/f275/3600/vxp030_vyp000_yawn050.npz,3600,clean,780,"[0.30000001192092896, 0.0, -0.5]","[0.28315651416778564, 0.0, -0.6121104955673218]","[0.28315651416778564, 0.008356680162250996, -0.6121104955673218]",0.0,0.008356680162250996,0.0
data/traces/walk_v34_multifreq/f275/3600/vxp030_vyp000_yawp000.npz,3600,clean,780,"[0.30000001192092896, 0.0, 0.0]","[0.304240882396698, 0.0, 0.0]","[0.304240882396698, -0.01267270278185606, 0.036680981516838074]",0.0,0.01267270278185606,0.036680981516838074
data/traces/walk_v34_multifreq/f275/3600/vxp030_vyp000_yawp050.npz,3600,clean,780,"[0.30000001192092896, 0.0, 0.5]","[0.27632763981819153, 0.0, 0.651802122592926]","[0.27632763981819153, -0.027238668873906136, 0.651802122592926]",0.0,0.027238668873906136,0.0
data/traces/walk_v34_multifreq/f275/3600/vxp050_vyp000_yawn050.npz,3600,clean,780,"[0.5, 0.0, -0.5]","[0.39716947078704834, 0.0, -0.6057095527648926]","[0.39716947078704834, 0.011196833103895187, -0.6057095527648926]",0.0,0.011196833103895187,0.0
data/traces/walk_v34_multifreq/f275/3600/vxp050_vyp000_yawp000.npz,3600,clean,780,"[0.5, 0.0, 0.0]","[0.4170660376548767, 0.0, 0.0]","[0.4170660376548767, -0.014041518792510033, 0.024178851395845413]",0.0,0.014041518792510033,0.024178851395845413
data/traces/walk_v34_multifreq/f275/3600/vxp050_vyp000_yawp050.npz,3600,clean,780,"[0.5, 0.0, 0.5]","[0.3883323073387146, 0.0, 0.6393777132034302]","[0.3883323073387146, -0.036803409457206726, 0.6393777132034302]",0.0,0.036803409457206726,0.0
data/traces/walk_v34_multifreq/f275/3600/vxp070_vyp000_yawp000.npz,3600,clean,780,"[0.699999988079071, 0.0, 0.0]","[0.5161521434783936, 0.0, 0.0]","[0.5161521434783936, -0.013604364357888699, 0.021962333470582962]",0.0,0.013604364357888699,0.021962333470582962
data/traces/walk_v34_multifreq/f275/5400/vxn030_vyp000_yawn050.npz,5400,clean,780,"[-0.30000001192092896, 0.0, -0.5]","[-0.3044009506702423, 0.0, -0.5812763571739197]","[-0.3044009506702423, 0.0016875704750418663, -0.5812763571739197]",0.0,0.0016875704750418663,0.0
data/traces/walk_v34_multifreq/f275/5400/vxn030_vyp000_yawp000.npz,5400,clean,780,"[-0.30000001192092896, 0.0, 0.0]","[-0.3037649393081665, 0.0, 0.0]","[-0.3037649393081665, -0.0006358589162118733, 0.018642300739884377]",0.0,0.0006358589162118733,0.018642300739884377
data/traces/walk_v34_multifreq/f275/5400/vxn030_vyp000_yawp050.npz,5400,clean,780,"[-0.30000001192092896, 0.0, 0.5]","[-0.2899579405784607, 0.0, 0.626278817653656]","[-0.2899579405784607, -0.004167786333709955, 0.626278817653656]",0.0,0.004167786333709955,0.0
data/traces/walk_v34_multifreq/f275/5400/vxp000_vyp000_yawp000.npz,5400,clean,780,"[0.0, 0.0, 0.0]","[0.0, 0.0, 0.0]","[0.02119259722530842, 0.0017553758807480335, 0.019071729853749275]",0.02119259722530842,0.0017553758807480335,0.019071729853749275
data/traces/walk_v34_multifreq/f275/5400/vxp030_vyp000_yawn050.npz,5400,clean,780,"[0.30000001192092896, 0.0, -0.5]","[0.2425764948129654, 0.0, -0.5787204504013062]","[0.2425764948129654, -0.005050570238381624, -0.5787204504013062]",0.0,0.005050570238381624,0.0
data/traces/walk_v34_multifreq/f275/5400/vxp030_vyp000_yawp000.npz,5400,clean,780,"[0.30000001192092896, 0.0, 0.0]","[0.2453441321849823, 0.0, 0.0]","[0.2453441321849823, 0.00213728123344481, 0.023328343406319618]",0.0,0.00213728123344481,0.023328343406319618
data/traces/walk_v34_multifreq/f275/5400/vxp030_vyp000_yawp050.npz,5400,clean,780,"[0.30000001192092896, 0.0, 0.5]","[0.24118012189865112, 0.0, 0.6699639558792114]","[0.24118012189865112, -0.012547159567475319, 0.6699639558792114]",0.0,0.012547159567475319,0.0
data/traces/walk_v34_multifreq/f30/2800/vxn030_vyn030_yawp000.npz,2800,clean,780,"[-0.30000001192092896, -0.30000001192092896, 0.0]","[-0.26187071204185486, -0.3147291839122772, 0.0]","[-0.26187071204185486, -0.3147291839122772, -0.024839116260409355]",0.0,0.0,0.024839116260409355
data/traces/walk_v34_multifreq/f30/2800/vxn030_vyp000_yawn050.npz,2800,clean,780,"[-0.30000001192092896, 0.0, -0.5]","[-0.2771626114845276, 0.0, -0.7205983400344849]","[-0.2771626114845276, 0.0041611772030591965, -0.7205983400344849]",0.0,0.0041611772030591965,0.0
data/traces/walk_v34_multifreq/f30/2800/vxn030_vyp000_yawp000.npz,2800,clean,780,"[-0.30000001192092896, 0.0, 0.0]","[-0.2690562307834625, 0.0, 0.0]","[-0.2690562307834625, -0.015019366517663002, -0.006334356032311916]",0.0,0.015019366517663002,0.006334356032311916
data/traces/walk_v34_multifreq/f30/2800/vxn030_vyp000_yawp050.npz,2800,clean,780,"[-0.30000001192092896, 0.0, 0.5]","[-0.2779098153114319, 0.0, 0.7090905904769897]","[-0.2779098153114319, -0.03324604034423828, 0.7090905904769897]",0.0,0.03324604034423828,0.0
data/traces/walk_v34_multifreq/f30/2800/vxn030_vyp030_yawp000.npz,2800,clean,780,"[-0.30000001192092896, 0.30000001192092896, 0.0]","[-0.2907172739505768, 0.27005019783973694, 0.0]","[-0.2907172739505768, 0.27005019783973694, 0.042146578431129456]",0.0,0.0,0.042146578431129456
data/traces/walk_v34_multifreq/f30/2800/vxp000_vyp000_yawn100.npz,2800,clean,780,"[0.0, 0.0, -1.0]","[0.0, 0.0, -1.40265953540802]","[-0.04925534501671791, 0.08805117756128311, -1.40265953540802]",0.04925534501671791,0.08805117756128311,0.0
data/traces/walk_v34_multifreq/f30/2800/vxp030_vyp000_yawn050.npz,2800,clean,780,"[0.30000001192092896, 0.0, -0.5]","[0.2502128779888153, 0.0, -0.6948496699333191]","[0.2502128779888153, 0.044179074466228485, -0.6948496699333191]",0.0,0.044179074466228485,0.0
data/traces/walk_v34_multifreq/f30/2800/vxp030_vyp000_yawp000.npz,2800,clean,780,"[0.30000001192092896, 0.0, 0.0]","[0.268566370010376, 0.0, 0.0]","[0.268566370010376, -0.005701531656086445, 0.031191052868962288]",0.0,0.005701531656086445,0.031191052868962288
data/traces/walk_v34_multifreq/f30/2800/vxp030_vyp000_yawp050.npz,2800,clean,780,"[0.30000001192092896, 0.0, 0.5]","[0.2528323829174042, 0.0, 0.7425932884216309]","[0.2528323829174042, -0.05731940269470215, 0.7425932884216309]",0.0,0.05731940269470215,0.0
data/traces/walk_v34_multifreq/f30/2800/vxp030_vyp030_yawp000.npz,2800,clean,780,"[0.30000001192092896, 0.30000001192092896, 0.0]","[0.1863279640674591, 0.20713546872138977, 0.0]","[0.1863279640674591, 0.20713546872138977, -0.0015205026138573885]",0.0,0.0,0.0015205026138573885
data/traces/walk_v34_multifreq/f30/2800/vxp050_vyp000_yawn050.npz,2800,clean,780,"[0.5, 0.0, -0.5]","[0.40993425250053406, 0.0, -0.6677438616752625]","[0.40993425250053406, 0.046961501240730286, -0.6677438616752625]",0.0,0.046961501240730286,0.0
data/traces/walk_v34_multifreq/f30/2800/vxp050_vyp000_yawp000.npz,2800,clean,780,"[0.5, 0.0, 0.0]","[0.4273321330547333, 0.0, 0.0]","[0.4273321330547333, -0.01644945703446865, 0.03634147346019745]",0.0,0.01644945703446865,0.03634147346019745
data/traces/walk_v34_multifreq/f30/2800/vxp050_vyp000_yawp050.npz,2800,clean,780,"[0.5, 0.0, 0.5]","[0.40891051292419434, 0.0, 0.7238466739654541]","[0.40891051292419434, -0.07292719930410385, 0.7238466739654541]",0.0,0.07292719930410385,0.0
data/traces/walk_v34_multifreq/f30/2800/vxp070_vyp000_yawp000.npz,2800,clean,780,"[0.699999988079071, 0.0, 0.0]","[0.5705510973930359, 0.0, 0.0]","[0.5705510973930359, -0.033799562603235245, 0.04306568577885628]",0.0,0.033799562603235245,0.04306568577885628
data/traces/walk_v34_multifreq/f30/3200/vxn030_vyp000_yawn050.npz,3200,clean,780,"[-0.30000001192092896, 0.0, -0.5]","[-0.20150963962078094, 0.0, -0.5497574210166931]","[-0.20150963962078094, 0.036439742892980576, -0.5497574210166931]",0.0,0.036439742892980576,0.0
data/traces/walk_v34_multifreq/f30/3200/vxn030_vyp000_yawp000.npz,3200,clean,780,"[-0.30000001192092896, 0.0, 0.0]","[-0.18812468647956848, 0.0, 0.0]","[-0.18812468647956848, -0.009438983164727688, 0.0322217158973217]",0.0,0.009438983164727688,0.0322217158973217
data/traces/walk_v34_multifreq/f30/3200/vxn030_vyp000_yawp050.npz,3200,clean,780,"[-0.30000001192092896, 0.0, 0.5]","[-0.18874675035476685, 0.0, 0.6134092211723328]","[-0.18874675035476685, -0.046525195240974426, 0.6134092211723328]",0.0,0.046525195240974426,0.0
data/traces/walk_v34_multifreq/f30/3200/vxp000_vyp000_yawn100.npz,3200,clean,780,"[0.0, 0.0, -1.0]","[0.0, 0.0, -1.1333070993423462]","[-0.014425127767026424, 0.06637586653232574, -1.1333070993423462]",0.014425127767026424,0.06637586653232574,0.0
data/traces/walk_v34_multifreq/f30/3200/vxp000_vyp000_yawp100.npz,3200,clean,780,"[0.0, 0.0, 1.0]","[0.0, 0.0, 1.1985702514648438]","[-0.019234614446759224, -0.06597698479890823, 1.1985702514648438]",0.019234614446759224,0.06597698479890823,0.0
data/traces/walk_v34_multifreq/f30/3200/vxp030_vyp000_yawn050.npz,3200,clean,780,"[0.30000001192092896, 0.0, -0.5]","[0.2099205106496811, 0.0, -0.5391945242881775]","[0.2099205106496811, 0.04585140198469162, -0.5391945242881775]",0.0,0.04585140198469162,0.0
data/traces/walk_v34_multifreq/f30/3200/vxp030_vyp000_yawp000.npz,3200,clean,780,"[0.30000001192092896, 0.0, 0.0]","[0.20969298481941223, 0.0, 0.0]","[0.20969298481941223, 0.01059908140450716, 0.03481608256697655]",0.0,0.01059908140450716,0.03481608256697655
data/traces/walk_v34_multifreq/f30/3200/vxp030_vyp000_yawp050.npz,3200,clean,780,"[0.30000001192092896, 0.0, 0.5]","[0.20594722032546997, 0.0, 0.6192685961723328]","[0.20594722032546997, -0.021202491596341133, 0.6192685961723328]",0.0,0.021202491596341133,0.0
data/traces/walk_v34_multifreq/f30/3200/vxp050_vyp000_yawn050.npz,3200,clean,780,"[0.5, 0.0, -0.5]","[0.3460958003997803, 0.0, -0.5158897042274475]","[0.3460958003997803, 0.032027579843997955, -0.5158897042274475]",0.0,0.032027579843997955,0.0
data/traces/walk_v34_multifreq/f30/3200/vxp050_vyp000_yawp000.npz,3200,clean,780,"[0.5, 0.0, 0.0]","[0.35039570927619934, 0.0, 0.0]","[0.35039570927619934, 0.0065508196130394936, 0.03995108604431152]",0.0,0.0065508196130394936,0.03995108604431152
data/traces/walk_v34_multifreq/f30/3200/vxp050_vyp000_yawp050.npz,3200,clean,780,"[0.5, 0.0, 0.5]","[0.33763858675956726, 0.0, 0.6127691864967346]","[0.33763858675956726, -0.01732875034213066, 0.6127691864967346]",0.0,0.01732875034213066,0.0
data/traces/walk_v34_multifreq/f30/3600/vxn030_vyp000_yawn050.npz,3600,clean,780,"[-0.30000001192092896, 0.0, -0.5]","[-0.20069630444049835, 0.0, -0.6045127511024475]","[-0.20069630444049835, -0.001995745114982128, -0.6045127511024475]",0.0,0.001995745114982128,0.0
data/traces/walk_v34_multifreq/f30/3600/vxn030_vyp000_yawp050.npz,3600,clean,780,"[-0.30000001192092896, 0.0, 0.5]","[-0.20657876133918762, 0.0, 0.7061946988105774]","[-0.20657876133918762, -0.004384693689644337, 0.7061946988105774]",0.0,0.004384693689644337,0.0
data/traces/walk_v34_multifreq/f30/3600/vxn030_vyp030_yawp000.npz,3600,clean,780,"[-0.30000001192092896, 0.30000001192092896, 0.0]","[-0.2272825539112091, 0.19154711067676544, 0.0]","[-0.2272825539112091, 0.19154711067676544, 0.03740469738841057]",0.0,0.0,0.03740469738841057
data/traces/walk_v34_multifreq/f30/3600/vxp000_vyp000_yawn100.npz,3600,clean,780,"[0.0, 0.0, -1.0]","[0.0, 0.0, -1.20853853225708]","[0.029360331594944, 0.011555621400475502, -1.20853853225708]",0.029360331594944,0.011555621400475502,0.0
data/traces/walk_v34_multifreq/f30/3600/vxp000_vyp000_yawp100.npz,3600,clean,780,"[0.0, 0.0, 1.0]","[0.0, 0.0, 1.2481067180633545]","[0.003538972232490778, -0.024832863360643387, 1.2481067180633545]",0.003538972232490778,0.024832863360643387,0.0
data/traces/walk_v34_multifreq/f30/3600/vxp030_vyp000_yawn050.npz,3600,clean,780,"[0.30000001192092896, 0.0, -0.5]","[0.3111404776573181, 0.0, -0.5895150303840637]","[0.3111404776573181, 0.014129027724266052, -0.5895150303840637]",0.0,0.014129027724266052,0.0
data/traces/walk_v34_multifreq/f30/3600/vxp030_vyp000_yawp000.npz,3600,clean,780,"[0.30000001192092896, 0.0, 0.0]","[0.33542436361312866, 0.0, 0.0]","[0.33542436361312866, -0.007977387867867947, 0.015320162288844585]",0.0,0.007977387867867947,0.015320162288844585
data/traces/walk_v34_multifreq/f30/3600/vxp030_vyp000_yawp050.npz,3600,clean,780,"[0.30000001192092896, 0.0, 0.5]","[0.2943864166736603, 0.0, 0.6178873777389526]","[0.2943864166736603, -0.033967845141887665, 0.6178873777389526]",0.0,0.033967845141887665,0.0
data/traces/walk_v34_multifreq/f30/3600/vxp050_vyp000_yawn050.npz,3600,clean,780,"[0.5, 0.0, -0.5]","[0.4311247169971466, 0.0, -0.5727962255477905]","[0.4311247169971466, 0.02483522705733776, -0.5727962255477905]",0.0,0.02483522705733776,0.0
data/traces/walk_v34_multifreq/f30/3600/vxp050_vyp000_yawp000.npz,3600,clean,780,"[0.5, 0.0, 0.0]","[0.4541592597961426, 0.0, 0.0]","[0.4541592597961426, -0.012619408778846264, 0.015221398323774338]",0.0,0.012619408778846264,0.015221398323774338
data/traces/walk_v34_multifreq/f30/3600/vxp050_vyp000_yawp050.npz,3600,clean,780,"[0.5, 0.0, 0.5]","[0.4123331308364868, 0.0, 0.5812146663665771]","[0.4123331308364868, -0.05226922035217285, 0.5812146663665771]",0.0,0.05226922035217285,0.0
data/traces/walk_v34_multifreq/f30/3600/vxp070_vyp000_yawp000.npz,3600,clean,780,"[0.699999988079071, 0.0, 0.0]","[0.556125283241272, 0.0, 0.0]","[0.556125283241272, -0.015533166006207466, 0.0017197784036397934]",0.0,0.015533166006207466,0.0017197784036397934
data/traces/walk_v34_multifreq/f30/5400/vxn030_vyp000_yawn050.npz,5400,clean,780,"[-0.30000001192092896, 0.0, -0.5]","[-0.3140833377838135, 0.0, -0.59200519323349]","[-0.3140833377838135, -0.004734592977911234, -0.59200519323349]",0.0,0.004734592977911234,0.0
data/traces/walk_v34_multifreq/f30/5400/vxn030_vyp000_yawp000.npz,5400,clean,780,"[-0.30000001192092896, 0.0, 0.0]","[-0.32153409719467163, 0.0, 0.0]","[-0.32153409719467163, 0.0010910292621701956, 0.021395191550254822]",0.0,0.0010910292621701956,0.021395191550254822
data/traces/walk_v34_multifreq/f30/5400/vxn030_vyp000_yawp050.npz,5400,clean,780,"[-0.30000001192092896, 0.0, 0.5]","[-0.3063976466655731, 0.0, 0.6423426270484924]","[-0.3063976466655731, 0.005159015301615, 0.6423426270484924]",0.0,0.005159015301615,0.0
data/traces/walk_v34_multifreq/f30/5400/vxn030_vyp030_yawp000.npz,5400,clean,780,"[-0.30000001192092896, 0.30000001192092896, 0.0]","[-0.20960216224193573, 0.1894674450159073, 0.0]","[-0.20960216224193573, 0.1894674450159073, -0.0025017953012138605]",0.0,0.0,0.0025017953012138605
data/traces/walk_v34_multifreq/f30/5400/vxp000_vyp000_yawp000.npz,5400,clean,780,"[0.0, 0.0, 0.0]","[0.0, 0.0, 0.0]","[0.02119259722530842, 0.0017553758807480335, 0.019071729853749275]",0.02119259722530842,0.0017553758807480335,0.019071729853749275
data/traces/walk_v34_multifreq/f30/5400/vxp030_vyp000_yawn050.npz,5400,clean,780,"[0.30000001192092896, 0.0, -0.5]","[0.2700578272342682, 0.0, -0.5684649348258972]","[0.2700578272342682, -0.0014569652266800404, -0.5684649348258972]",0.0,0.0014569652266800404,0.0
data/traces/walk_v34_multifreq/f30/5400/vxp030_vyp000_yawp000.npz,5400,clean,780,"[0.30000001192092896, 0.0, 0.0]","[0.26864591240882874, 0.0, 0.0]","[0.26864591240882874, 0.00147791497875005, 0.02699371427297592]",0.0,0.00147791497875005,0.02699371427297592
data/traces/walk_v34_multifreq/f30/5400/vxp030_vyp000_yawp050.npz,5400,clean,780,"[0.30000001192092896, 0.0, 0.5]","[0.27473586797714233, 0.0, 0.65412837266922]","[0.27473586797714233, -0.007643922232091427, 0.65412837266922]",0.0,0.007643922232091427,0.0
data/traces/walk_v34_multifreq/f30/5400/vxp050_vyp000_yawn050.npz,5400,clean,780,"[0.5, 0.0, -0.5]","[0.41400739550590515, 0.0, -0.5460598468780518]","[0.41400739550590515, 0.009680445306003094, -0.5460598468780518]",0.0,0.009680445306003094,0.0
data/traces/walk_v34_multifreq/f30/5400/vxp050_vyp000_yawp000.npz,5400,clean,780,"[0.5, 0.0, 0.0]","[0.4211307466030121, 0.0, 0.0]","[0.4211307466030121, -0.003893450368195772, 0.018909698352217674]",0.0,0.003893450368195772,0.018909698352217674
data/traces/walk_v34_multifreq/f30/5400/vxp050_vyp000_yawp050.npz,5400,clean,780,"[0.5, 0.0, 0.5]","[0.4147428870201111, 0.0, 0.6335177421569824]","[0.4147428870201111, -0.022440116852521896, 0.6335177421569824]",0.0,0.022440116852521896,0.0
data/traces/walk_v34_multifric/fric03/2800/vxn030_vyp000_yawp050.npz,2800,clean,780,"[-0.30000001192092896, 0.0, 0.5]","[-0.18401674926280975, 0.0, 0.6744727492332458]","[-0.18401674926280975, -0.054237909615039825, 0.6744727492332458]",0.0,0.054237909615039825,0.0
data/traces/walk_v34_multifric/fric03/2800/vxp000_vyn030_yawp000.npz,2800,clean,780,"[0.0, -0.30000001192092896, 0.0]","[0.0, -0.23021595180034637, 0.0]","[0.03488019108772278, -0.23021595180034637, -0.005612493492662907]",0.03488019108772278,0.0,0.005612493492662907
data/traces/walk_v34_multifric/fric03/2800/vxp000_vyp000_yawn050.npz,2800,clean,780,"[0.0, 0.0, -0.5]","[0.0, 0.0, -0.7226614952087402]","[0.03708174452185631, 0.045376282185316086, -0.7226614952087402]",0.03708174452185631,0.045376282185316086,0.0
data/traces/walk_v34_multifric/fric03/2800/vxp000_vyp000_yawn100.npz,2800,clean,780,"[0.0, 0.0, -1.0]","[0.0, 0.0, -1.3832554817199707]","[0.022649496793746948, 0.08596034348011017, -1.3832554817199707]",0.022649496793746948,0.08596034348011017,0.0
data/traces/walk_v34_multifric/fric03/2800/vxp000_vyp000_yawp050.npz,2800,clean,780,"[0.0, 0.0, 0.5]","[0.0, 0.0, 0.7013009190559387]","[0.041312262415885925, -0.059284865856170654, 0.7013009190559387]",0.041312262415885925,0.059284865856170654,0.0
data/traces/walk_v34_multifric/fric03/2800/vxp000_vyp000_yawp100.npz,2800,clean,780,"[0.0, 0.0, 1.0]","[0.0, 0.0, 1.3352537155151367]","[0.02137632481753826, -0.09631232917308807, 1.3352537155151367]",0.02137632481753826,0.09631232917308807,0.0
data/traces/walk_v34_multifric/fric03/2800/vxp000_vyp030_yawp000.npz,2800,clean,780,"[0.0, 0.30000001192092896, 0.0]","[0.0, 0.2191925346851349, 0.0]","[0.015364646911621094, 0.2191925346851349, 0.034723348915576935]",0.015364646911621094,0.0,0.034723348915576935
data/traces/walk_v34_multifric/fric03/2800/vxp030_vyp000_yawn050.npz,2800,clean,780,"[0.30000001192092896, 0.0, -0.5]","[0.2504795491695404, 0.0, -0.6851662397384644]","[0.2504795491695404, 0.028489213436841965, -0.6851662397384644]",0.0,0.028489213436841965,0.0
data/traces/walk_v34_multifric/fric03/2800/vxp030_vyp000_yawp000.npz,2800,clean,780,"[0.30000001192092896, 0.0, 0.0]","[0.26133954524993896, 0.0, 0.0]","[0.26133954524993896, -0.009210268035531044, 0.028391852974891663]",0.0,0.009210268035531044,0.028391852974891663
data/traces/walk_v34_multifric/fric03/2800/vxp030_vyp000_yawp050.npz,2800,clean,780,"[0.30000001192092896, 0.0, 0.5]","[0.24142903089523315, 0.0, 0.742649495601654]","[0.24142903089523315, -0.04251712188124657, 0.742649495601654]",0.0,0.04251712188124657,0.0
data/traces/walk_v34_multifric/fric03/2800/vxp030_vyp030_yawp000.npz,2800,clean,780,"[0.30000001192092896, 0.30000001192092896, 0.0]","[0.20335009694099426, 0.18056507408618927, 0.0]","[0.20335009694099426, 0.18056507408618927, 0.02073216624557972]",0.0,0.0,0.02073216624557972
data/traces/walk_v34_multifric/fric03/2800/vxp050_vyp000_yawn050.npz,2800,clean,780,"[0.5, 0.0, -0.5]","[0.37047135829925537, 0.0, -0.6545260548591614]","[0.37047135829925537, 0.027239227667450905, -0.6545260548591614]",0.0,0.027239227667450905,0.0
data/traces/walk_v34_multifric/fric03/2800/vxp050_vyp000_yawp050.npz,2800,clean,780,"[0.5, 0.0, 0.5]","[0.3647685647010803, 0.0, 0.7570962309837341]","[0.3647685647010803, -0.053969383239746094, 0.7570962309837341]",0.0,0.053969383239746094,0.0
data/traces/walk_v34_multifric/fric03/3200/vxp000_vyp000_yawn050.npz,3200,clean,780,"[0.0, 0.0, -0.5]","[0.0, 0.0, -0.558393120765686]","[0.02186494693160057, 0.0587010458111763, -0.558393120765686]",0.02186494693160057,0.0587010458111763,0.0
data/traces/walk_v34_multifric/fric03/3200/vxp000_vyp000_yawn100.npz,3200,clean,780,"[0.0, 0.0, -1.0]","[0.0, 0.0, -1.16415536403656]","[0.029953723773360252, 0.09339488297700882, -1.16415536403656]",0.029953723773360252,0.09339488297700882,0.0
data/traces/walk_v34_multifric/fric03/3200/vxp000_vyp000_yawp050.npz,3200,clean,780,"[0.0, 0.0, 0.5]","[0.0, 0.0, 0.6532397866249084]","[0.028455067425966263, -0.05106232315301895, 0.6532397866249084]",0.028455067425966263,0.05106232315301895,0.0
data/traces/walk_v34_multifric/fric03/3200/vxp000_vyp000_yawp100.npz,3200,clean,780,"[0.0, 0.0, 1.0]","[0.0, 0.0, 1.251268982887268]","[0.019795849919319153, -0.07511454820632935, 1.251268982887268]",0.019795849919319153,0.07511454820632935,0.0
data/traces/walk_v34_multifric/fric03/3200/vxp030_vyp000_yawn050.npz,3200,clean,780,"[0.30000001192092896, 0.0, -0.5]","[0.19798515737056732, 0.0, -0.5467487573623657]","[0.19798515737056732, 0.043950002640485764, -0.5467487573623657]",0.0,0.043950002640485764,0.0
data/traces/walk_v34_multifric/fric03/3200/vxp030_vyp000_yawp050.npz,3200,clean,780,"[0.30000001192092896, 0.0, 0.5]","[0.1968880146741867, 0.0, 0.6524338722229004]","[0.1968880146741867, -0.012964065186679363, 0.6524338722229004]",0.0,0.012964065186679363,0.0
data/traces/walk_v34_multifric/fric03/3200/vxp050_vyp000_yawn050.npz,3200,clean,780,"[0.5, 0.0, -0.5]","[0.30731630325317383, 0.0, -0.5337581634521484]","[0.30731630325317383, 0.027908066287636757, -0.5337581634521484]",0.0,0.027908066287636757,0.0
data/traces/walk_v34_multifric/fric03/3600/vxn030_vyn030_yawp000.npz,3600,clean,780,"[-0.30000001192092896, -0.30000001192092896, 0.0]","[-0.1801760196685791, -0.18361391127109528, 0.0]","[-0.1801760196685791, -0.18361391127109528, 0.030788136646151543]",0.0,0.0,0.030788136646151543
data/traces/walk_v34_multifric/fric03/3600/vxp000_vyp000_yawn100.npz,3600,clean,780,"[0.0, 0.0, -1.0]","[0.0, 0.0, -1.26298987865448]","[0.024931803345680237, 0.025519676506519318, -1.26298987865448]",0.024931803345680237,0.025519676506519318,0.0
data/traces/walk_v34_multifric/fric03/3600/vxp000_vyp000_yawp100.npz,3600,clean,780,"[0.0, 0.0, 1.0]","[0.0, 0.0, 1.323592185974121]","[0.01177801750600338, -0.042932651937007904, 1.323592185974121]",0.01177801750600338,0.042932651937007904,0.0
data/traces/walk_v34_multifric/fric03/3600/vxp030_vyp000_yawn050.npz,3600,clean,780,"[0.30000001192092896, 0.0, -0.5]","[0.25436335802078247, 0.0, -0.6259856820106506]","[0.25436335802078247, 0.006121340673416853, -0.6259856820106506]",0.0,0.006121340673416853,0.0
data/traces/walk_v34_multifric/fric03/3600/vxp030_vyp000_yawp050.npz,3600,clean,780,"[0.30000001192092896, 0.0, 0.5]","[0.2535148561000824, 0.0, 0.6846072673797607]","[0.2535148561000824, -0.01577070541679859, 0.6846072673797607]",0.0,0.01577070541679859,0.0
data/traces/walk_v34_multifric/fric03/3600/vxp050_vyp000_yawn050.npz,3600,clean,780,"[0.5, 0.0, -0.5]","[0.36470308899879456, 0.0, -0.6208056211471558]","[0.36470308899879456, 0.01026899367570877, -0.6208056211471558]",0.0,0.01026899367570877,0.0
data/traces/walk_v34_multifric/fric03/3600/vxp050_vyp000_yawp050.npz,3600,clean,780,"[0.5, 0.0, 0.5]","[0.3614814877510071, 0.0, 0.6951659917831421]","[0.3614814877510071, -0.021561576053500175, 0.6951659917831421]",0.0,0.021561576053500175,0.0
data/traces/walk_v34_multifric/fric03/5400/vxn030_vyp000_yawn050.npz,5400,clean,780,"[-0.30000001192092896, 0.0, -0.5]","[-0.24142487347126007, 0.0, -0.5903300046920776]","[-0.24142487347126007, 0.027606869116425514, -0.5903300046920776]",0.0,0.027606869116425514,0.0
data/traces/walk_v34_multifric/fric03/5400/vxn030_vyp000_yawp000.npz,5400,clean,780,"[-0.30000001192092896, 0.0, 0.0]","[-0.24441733956336975, 0.0, 0.0]","[-0.24441733956336975, 0.007958394475281239, 0.006195222493261099]",0.0,0.007958394475281239,0.006195222493261099
data/traces/walk_v34_multifric/fric03/5400/vxn030_vyp000_yawp050.npz,5400,clean,780,"[-0.30000001192092896, 0.0, 0.5]","[-0.22225818037986755, 0.0, 0.6207444667816162]","[-0.22225818037986755, -0.018787650391459465, 0.6207444667816162]",0.0,0.018787650391459465,0.0
data/traces/walk_v34_multifric/fric03/5400/vxp000_vyp000_yawn050.npz,5400,clean,780,"[0.0, 0.0, -0.5]","[0.0, 0.0, -0.6052025556564331]","[-0.019883884117007256, 0.01350607629865408, -0.6052025556564331]",0.019883884117007256,0.01350607629865408,0.0
data/traces/walk_v34_multifric/fric03/5400/vxp000_vyp000_yawn100.npz,5400,clean,780,"[0.0, 0.0, -1.0]","[0.0, 0.0, -1.2249342203140259]","[-0.020216748118400574, 0.028852371498942375, -1.2249342203140259]",0.020216748118400574,0.028852371498942375,0.0
data/traces/walk_v34_multifric/fric03/5400/vxp000_vyp000_yawp000.npz,5400,clean,780,"[0.0, 0.0, 0.0]","[0.0, 0.0, 0.0]","[0.02119259722530842, 0.0017553758807480335, 0.019071729853749275]",0.02119259722530842,0.0017553758807480335,0.019071729853749275
data/traces/walk_v34_multifric/fric03/5400/vxp000_vyp000_yawp050.npz,5400,clean,780,"[0.0, 0.0, 0.5]","[0.0, 0.0, 0.6790639758110046]","[-0.0038363521452993155, -0.0034784656018018723, 0.6790639758110046]",0.0038363521452993155,0.0034784656018018723,0.0
data/traces/walk_v34_multifric/fric03/5400/vxp000_vyp000_yawp100.npz,5400,clean,780,"[0.0, 0.0, 1.0]","[0.0, 0.0, 1.29045569896698]","[0.005493131000548601, -0.018304739147424698, 1.29045569896698]",0.005493131000548601,0.018304739147424698,0.0
data/traces/walk_v34_multifric/fric03/5400/vxp030_vyp000_yawn050.npz,5400,clean,780,"[0.30000001192092896, 0.0, -0.5]","[0.2063930481672287, 0.0, -0.5929133296012878]","[0.2063930481672287, 0.008935155346989632, -0.5929133296012878]",0.0,0.008935155346989632,0.0
data/traces/walk_v34_multifric/fric03/5400/vxp030_vyp000_yawp000.npz,5400,clean,780,"[0.30000001192092896, 0.0, 0.0]","[0.20989803969860077, 0.0, 0.0]","[0.20989803969860077, 0.008525058627128601, 0.03403311222791672]",0.0,0.008525058627128601,0.03403311222791672
data/traces/walk_v34_multifric/fric03/5400/vxp030_vyp000_yawp050.npz,5400,clean,780,"[0.30000001192092896, 0.0, 0.5]","[0.2127671092748642, 0.0, 0.7011845707893372]","[0.2127671092748642, -0.007067413534969091, 0.7011845707893372]",0.0,0.007067413534969091,0.0
data/traces/walk_v34_multifric/fric03/5400/vxp050_vyp000_yawp000.npz,5400,clean,780,"[0.5, 0.0, 0.0]","[0.3846902549266815, 0.0, 0.0]","[0.3846902549266815, 0.005916512571275234, 0.03597762808203697]",0.0,0.005916512571275234,0.03597762808203697
data/traces/walk_v34_multifric/fric07/2800/vxn030_vyp000_yawp050.npz,2800,clean,780,"[-0.30000001192092896, 0.0, 0.5]","[-0.18401674926280975, 0.0, 0.6744727492332458]","[-0.18401674926280975, -0.054237909615039825, 0.6744727492332458]",0.0,0.054237909615039825,0.0
data/traces/walk_v34_multifric/fric07/2800/vxp000_vyn030_yawp000.npz,2800,clean,780,"[0.0, -0.30000001192092896, 0.0]","[0.0, -0.23021595180034637, 0.0]","[0.03488019108772278, -0.23021595180034637, -0.005612493492662907]",0.03488019108772278,0.0,0.005612493492662907
data/traces/walk_v34_multifric/fric07/2800/vxp000_vyp000_yawn050.npz,2800,clean,780,"[0.0, 0.0, -0.5]","[0.0, 0.0, -0.7226614952087402]","[0.03708174452185631, 0.045376282185316086, -0.7226614952087402]",0.03708174452185631,0.045376282185316086,0.0
data/traces/walk_v34_multifric/fric07/2800/vxp000_vyp000_yawn100.npz,2800,clean,780,"[0.0, 0.0, -1.0]","[0.0, 0.0, -1.3832554817199707]","[0.022649496793746948, 0.08596034348011017, -1.3832554817199707]",0.022649496793746948,0.08596034348011017,0.0
data/traces/walk_v34_multifric/fric07/2800/vxp000_vyp000_yawp050.npz,2800,clean,780,"[0.0, 0.0, 0.5]","[0.0, 0.0, 0.7013009190559387]","[0.041312262415885925, -0.059284865856170654, 0.7013009190559387]",0.041312262415885925,0.059284865856170654,0.0
data/traces/walk_v34_multifric/fric07/2800/vxp000_vyp000_yawp100.npz,2800,clean,780,"[0.0, 0.0, 1.0]","[0.0, 0.0, 1.3352537155151367]","[0.02137632481753826, -0.09631232917308807, 1.3352537155151367]",0.02137632481753826,0.09631232917308807,0.0
data/traces/walk_v34_multifric/fric07/2800/vxp000_vyp030_yawp000.npz,2800,clean,780,"[0.0, 0.30000001192092896, 0.0]","[0.0, 0.2191925346851349, 0.0]","[0.015364646911621094, 0.2191925346851349, 0.034723348915576935]",0.015364646911621094,0.0,0.034723348915576935
data/traces/walk_v34_multifric/fric07/2800/vxp030_vyp000_yawn050.npz,2800,clean,780,"[0.30000001192092896, 0.0, -0.5]","[0.2504795491695404, 0.0, -0.6851662397384644]","[0.2504795491695404, 0.028489213436841965, -0.6851662397384644]",0.0,0.028489213436841965,0.0
data/traces/walk_v34_multifric/fric07/2800/vxp030_vyp000_yawp000.npz,2800,clean,780,"[0.30000001192092896, 0.0, 0.0]","[0.26133954524993896, 0.0, 0.0]","[0.26133954524993896, -0.009210268035531044, 0.028391852974891663]",0.0,0.009210268035531044,0.028391852974891663
data/traces/walk_v34_multifric/fric07/2800/vxp030_vyp000_yawp050.npz,2800,clean,780,"[0.30000001192092896, 0.0, 0.5]","[0.24142903089523315, 0.0, 0.742649495601654]","[0.24142903089523315, -0.04251712188124657, 0.742649495601654]",0.0,0.04251712188124657,0.0
data/traces/walk_v34_multifric/fric07/2800/vxp030_vyp030_yawp000.npz,2800,clean,780,"[0.30000001192092896, 0.30000001192092896, 0.0]","[0.20335009694099426, 0.18056507408618927, 0.0]","[0.20335009694099426, 0.18056507408618927, 0.02073216624557972]",0.0,0.0,0.02073216624557972
data/traces/walk_v34_multifric/fric07/2800/vxp050_vyp000_yawn050.npz,2800,clean,780,"[0.5, 0.0, -0.5]","[0.37047135829925537, 0.0, -0.6545260548591614]","[0.37047135829925537, 0.027239227667450905, -0.6545260548591614]",0.0,0.027239227667450905,0.0
data/traces/walk_v34_multifric/fric07/2800/vxp050_vyp000_yawp050.npz,2800,clean,780,"[0.5, 0.0, 0.5]","[0.3647685647010803, 0.0, 0.7570962309837341]","[0.3647685647010803, -0.053969383239746094, 0.7570962309837341]",0.0,0.053969383239746094,0.0
data/traces/walk_v34_multifric/fric07/3200/vxp000_vyp000_yawn050.npz,3200,clean,780,"[0.0, 0.0, -0.5]","[0.0, 0.0, -0.558393120765686]","[0.02186494693160057, 0.0587010458111763, -0.558393120765686]",0.02186494693160057,0.0587010458111763,0.0
data/traces/walk_v34_multifric/fric07/3200/vxp000_vyp000_yawn100.npz,3200,clean,780,"[0.0, 0.0, -1.0]","[0.0, 0.0, -1.16415536403656]","[0.029953723773360252, 0.09339488297700882, -1.16415536403656]",0.029953723773360252,0.09339488297700882,0.0
data/traces/walk_v34_multifric/fric07/3200/vxp000_vyp000_yawp050.npz,3200,clean,780,"[0.0, 0.0, 0.5]","[0.0, 0.0, 0.6532397866249084]","[0.028455067425966263, -0.05106232315301895, 0.6532397866249084]",0.028455067425966263,0.05106232315301895,0.0
data/traces/walk_v34_multifric/fric07/3200/vxp000_vyp000_yawp100.npz,3200,clean,780,"[0.0, 0.0, 1.0]","[0.0, 0.0, 1.251268982887268]","[0.019795849919319153, -0.07511454820632935, 1.251268982887268]",0.019795849919319153,0.07511454820632935,0.0
data/traces/walk_v34_multifric/fric07/3200/vxp030_vyp000_yawn050.npz,3200,clean,780,"[0.30000001192092896, 0.0, -0.5]","[0.19798515737056732, 0.0, -0.5467487573623657]","[0.19798515737056732, 0.043950002640485764, -0.5467487573623657]",0.0,0.043950002640485764,0.0
data/traces/walk_v34_multifric/fric07/3200/vxp030_vyp000_yawp050.npz,3200,clean,780,"[0.30000001192092896, 0.0, 0.5]","[0.1968880146741867, 0.0, 0.6524338722229004]","[0.1968880146741867, -0.012964065186679363, 0.6524338722229004]",0.0,0.012964065186679363,0.0
data/traces/walk_v34_multifric/fric07/3200/vxp050_vyp000_yawn050.npz,3200,clean,780,"[0.5, 0.0, -0.5]","[0.30731630325317383, 0.0, -0.5337581634521484]","[0.30731630325317383, 0.027908066287636757, -0.5337581634521484]",0.0,0.027908066287636757,0.0
data/traces/walk_v34_multifric/fric07/3600/vxn030_vyn030_yawp000.npz,3600,clean,780,"[-0.30000001192092896, -0.30000001192092896, 0.0]","[-0.1801760196685791, -0.18361391127109528, 0.0]","[-0.1801760196685791, -0.18361391127109528, 0.030788136646151543]",0.0,0.0,0.030788136646151543
data/traces/walk_v34_multifric/fric07/3600/vxp000_vyp000_yawn100.npz,3600,clean,780,"[0.0, 0.0, -1.0]","[0.0, 0.0, -1.26298987865448]","[0.024931803345680237, 0.025519676506519318, -1.26298987865448]",0.024931803345680237,0.025519676506519318,0.0
data/traces/walk_v34_multifric/fric07/3600/vxp000_vyp000_yawp100.npz,3600,clean,780,"[0.0, 0.0, 1.0]","[0.0, 0.0, 1.323592185974121]","[0.01177801750600338, -0.042932651937007904, 1.323592185974121]",0.01177801750600338,0.042932651937007904,0.0
data/traces/walk_v34_multifric/fric07/3600/vxp030_vyp000_yawn050.npz,3600,clean,780,"[0.30000001192092896, 0.0, -0.5]","[0.25436335802078247, 0.0, -0.6259856820106506]","[0.25436335802078247, 0.006121340673416853, -0.6259856820106506]",0.0,0.006121340673416853,0.0
data/traces/walk_v34_multifric/fric07/3600/vxp030_vyp000_yawp050.npz,3600,clean,780,"[0.30000001192092896, 0.0, 0.5]","[0.2535148561000824, 0.0, 0.6846072673797607]","[0.2535148561000824, -0.01577070541679859, 0.6846072673797607]",0.0,0.01577070541679859,0.0
data/traces/walk_v34_multifric/fric07/3600/vxp050_vyp000_yawn050.npz,3600,clean,780,"[0.5, 0.0, -0.5]","[0.36470308899879456, 0.0, -0.6208056211471558]","[0.36470308899879456, 0.01026899367570877, -0.6208056211471558]",0.0,0.01026899367570877,0.0
data/traces/walk_v34_multifric/fric07/3600/vxp050_vyp000_yawp050.npz,3600,clean,780,"[0.5, 0.0, 0.5]","[0.3614814877510071, 0.0, 0.6951659917831421]","[0.3614814877510071, -0.021561576053500175, 0.6951659917831421]",0.0,0.021561576053500175,0.0
data/traces/walk_v34_multifric/fric07/5400/vxn030_vyp000_yawn050.npz,5400,clean,780,"[-0.30000001192092896, 0.0, -0.5]","[-0.24142487347126007, 0.0, -0.5903300046920776]","[-0.24142487347126007, 0.027606869116425514, -0.5903300046920776]",0.0,0.027606869116425514,0.0
data/traces/walk_v34_multifric/fric07/5400/vxn030_vyp000_yawp000.npz,5400,clean,780,"[-0.30000001192092896, 0.0, 0.0]","[-0.24441733956336975, 0.0, 0.0]","[-0.24441733956336975, 0.007958394475281239, 0.006195222493261099]",0.0,0.007958394475281239,0.006195222493261099
data/traces/walk_v34_multifric/fric07/5400/vxn030_vyp000_yawp050.npz,5400,clean,780,"[-0.30000001192092896, 0.0, 0.5]","[-0.22225818037986755, 0.0, 0.6207444667816162]","[-0.22225818037986755, -0.018787650391459465, 0.6207444667816162]",0.0,0.018787650391459465,0.0
data/traces/walk_v34_multifric/fric07/5400/vxp000_vyp000_yawn050.npz,5400,clean,780,"[0.0, 0.0, -0.5]","[0.0, 0.0, -0.6052025556564331]","[-0.019883884117007256, 0.01350607629865408, -0.6052025556564331]",0.019883884117007256,0.01350607629865408,0.0
data/traces/walk_v34_multifric/fric07/5400/vxp000_vyp000_yawn100.npz,5400,clean,780,"[0.0, 0.0, -1.0]","[0.0, 0.0, -1.2249342203140259]","[-0.020216748118400574, 0.028852371498942375, -1.2249342203140259]",0.020216748118400574,0.028852371498942375,0.0
data/traces/walk_v34_multifric/fric07/5400/vxp000_vyp000_yawp000.npz,5400,clean,780,"[0.0, 0.0, 0.0]","[0.0, 0.0, 0.0]","[0.02119259722530842, 0.0017553758807480335, 0.019071729853749275]",0.02119259722530842,0.0017553758807480335,0.019071729853749275
data/traces/walk_v34_multifric/fric07/5400/vxp000_vyp000_yawp050.npz,5400,clean,780,"[0.0, 0.0, 0.5]","[0.0, 0.0, 0.6790639758110046]","[-0.0038363521452993155, -0.0034784656018018723, 0.6790639758110046]",0.0038363521452993155,0.0034784656018018723,0.0
data/traces/walk_v34_multifric/fric07/5400/vxp000_vyp000_yawp100.npz,5400,clean,780,"[0.0, 0.0, 1.0]","[0.0, 0.0, 1.29045569896698]","[0.005493131000548601, -0.018304739147424698, 1.29045569896698]",0.005493131000548601,0.018304739147424698,0.0
data/traces/walk_v34_multifric/fric07/5400/vxp030_vyp000_yawn050.npz,5400,clean,780,"[0.30000001192092896, 0.0, -0.5]","[0.2063930481672287, 0.0, -0.5929133296012878]","[0.2063930481672287, 0.008935155346989632, -0.5929133296012878]",0.0,0.008935155346989632,0.0
data/traces/walk_v34_multifric/fric07/5400/vxp030_vyp000_yawp000.npz,5400,clean,780,"[0.30000001192092896, 0.0, 0.0]","[0.20989803969860077, 0.0, 0.0]","[0.20989803969860077, 0.008525058627128601, 0.03403311222791672]",0.0,0.008525058627128601,0.03403311222791672
data/traces/walk_v34_multifric/fric07/5400/vxp030_vyp000_yawp050.npz,5400,clean,780,"[0.30000001192092896, 0.0, 0.5]","[0.2127671092748642, 0.0, 0.7011845707893372]","[0.2127671092748642, -0.007067413534969091, 0.7011845707893372]",0.0,0.007067413534969091,0.0
data/traces/walk_v34_multifric/fric07/5400/vxp050_vyp000_yawp000.npz,5400,clean,780,"[0.5, 0.0, 0.0]","[0.3846902549266815, 0.0, 0.0]","[0.3846902549266815, 0.005916512571275234, 0.03597762808203697]",0.0,0.005916512571275234,0.03597762808203697
data/traces/walk_v34_multifric/fric15/2800/vxp030_vyp000_yawn050.npz,2800,clean,780,"[0.30000001192092896, 0.0, -0.5]","[0.24484562873840332, 0.0, -0.585748553276062]","[0.24484562873840332, 0.0021908539347350597, -0.585748553276062]",0.0,0.0021908539347350597,0.0
data/traces/walk_v34_multifric/fric15/2800/vxp030_vyp000_yawp000.npz,2800,clean,780,"[0.30000001192092896, 0.0, 0.0]","[0.2590949237346649, 0.0, 0.0]","[0.2590949237346649, -0.013840976171195507, 0.026097802445292473]",0.0,0.013840976171195507,0.026097802445292473
data/traces/walk_v34_multifric/fric15/2800/vxp030_vyp000_yawp050.npz,2800,clean,780,"[0.30000001192092896, 0.0, 0.5]","[0.23946356773376465, 0.0, 0.6632627248764038]","[0.23946356773376465, -0.03690580278635025, 0.6632627248764038]",0.0,0.03690580278635025,0.0
data/traces/walk_v34_multifric/fric15/2800/vxp050_vyp000_yawn050.npz,2800,clean,780,"[0.5, 0.0, -0.5]","[0.35437071323394775, 0.0, -0.4955291152000427]","[0.35437071323394775, -0.020467692986130714, -0.4955291152000427]",0.0,0.020467692986130714,0.0
data/traces/walk_v34_multifric/fric15/2800/vxp050_vyp000_yawp050.npz,2800,clean,780,"[0.5, 0.0, 0.5]","[0.34696102142333984, 0.0, 0.6820017099380493]","[0.34696102142333984, -0.04775364324450493, 0.6820017099380493]",0.0,0.04775364324450493,0.0
data/traces/walk_v34_multifric/fric15/3200/vxp000_vyp000_yawp100.npz,3200,clean,780,"[0.0, 0.0, 1.0]","[0.0, 0.0, 1.1509363651275635]","[0.048022832721471786, -0.04239611700177193, 1.1509363651275635]",0.048022832721471786,0.04239611700177193,0.0
data/traces/walk_v34_multifric/fric15/3200/vxp000_vyp030_yawp000.npz,3200,clean,780,"[0.0, 0.30000001192092896, 0.0]","[0.0, 0.18443600833415985, 0.0]","[0.03841536119580269, 0.18443600833415985, 0.04548991844058037]",0.03841536119580269,0.0,0.04548991844058037
data/traces/walk_v34_multifric/fric15/3200/vxp030_vyp000_yawn050.npz,3200,clean,780,"[0.30000001192092896, 0.0, -0.5]","[0.21490478515625, 0.0, -0.5379675626754761]","[0.21490478515625, 0.030547041445970535, -0.5379675626754761]",0.0,0.030547041445970535,0.0
data/traces/walk_v34_multifric/fric15/3200/vxp030_vyp000_yawp000.npz,3200,clean,780,"[0.30000001192092896, 0.0, 0.0]","[0.21083445847034454, 0.0, 0.0]","[0.21083445847034454, 0.01786321960389614, 0.034852564334869385]",0.0,0.01786321960389614,0.034852564334869385
data/traces/walk_v34_multifric/fric15/3200/vxp030_vyp000_yawp050.npz,3200,clean,780,"[0.30000001192092896, 0.0, 0.5]","[0.20557673275470734, 0.0, 0.6206846237182617]","[0.20557673275470734, 0.005770953372120857, 0.6206846237182617]",0.0,0.005770953372120857,0.0
data/traces/walk_v34_multifric/fric15/3200/vxp050_vyp000_yawn050.npz,3200,clean,780,"[0.5, 0.0, -0.5]","[0.3117382228374481, 0.0, -0.5069802403450012]","[0.3117382228374481, 0.015792187303304672, -0.5069802403450012]",0.0,0.015792187303304672,0.0
data/traces/walk_v34_multifric/fric15/3200/vxp050_vyp000_yawp000.npz,3200,clean,780,"[0.5, 0.0, 0.0]","[0.3141506016254425, 0.0, 0.0]","[0.3141506016254425, 0.013871467672288418, 0.04590221494436264]",0.0,0.013871467672288418,0.04590221494436264
data/traces/walk_v34_multifric/fric15/3600/vxp000_vyp000_yawp100.npz,3600,clean,780,"[0.0, 0.0, 1.0]","[0.0, 0.0, 1.2306783199310303]","[0.045541856437921524, -0.051363106817007065, 1.2306783199310303]",0.045541856437921524,0.051363106817007065,0.0
data/traces/walk_v34_multifric/fric15/3600/vxp030_vyp000_yawn050.npz,3600,clean,780,"[0.30000001192092896, 0.0, -0.5]","[0.26553019881248474, 0.0, -0.5770450830459595]","[0.26553019881248474, 0.010422272607684135, -0.5770450830459595]",0.0,0.010422272607684135,0.0
data/traces/walk_v34_multifric/fric15/3600/vxp030_vyp000_yawp000.npz,3600,clean,780,"[0.30000001192092896, 0.0, 0.0]","[0.277340829372406, 0.0, 0.0]","[0.277340829372406, -0.0076789711602032185, 0.033609822392463684]",0.0,0.0076789711602032185,0.033609822392463684
data/traces/walk_v34_multifric/fric15/3600/vxp030_vyp000_yawp050.npz,3600,clean,780,"[0.30000001192092896, 0.0, 0.5]","[0.26017582416534424, 0.0, 0.6288534998893738]","[0.26017582416534424, -0.018934985622763634, 0.6288534998893738]",0.0,0.018934985622763634,0.0
data/traces/walk_v34_multifric/fric15/3600/vxp050_vyp000_yawn050.npz,3600,clean,780,"[0.5, 0.0, -0.5]","[0.36765214800834656, 0.0, -0.5510807037353516]","[0.36765214800834656, 0.005481571424752474, -0.5510807037353516]",0.0,0.005481571424752474,0.0
data/traces/walk_v34_multifric/fric15/3600/vxp050_vyp000_yawp050.npz,3600,clean,780,"[0.5, 0.0, 0.5]","[0.36572226881980896, 0.0, 0.6038057208061218]","[0.36572226881980896, -0.016364578157663345, 0.6038057208061218]",0.0,0.016364578157663345,0.0
data/traces/walk_v34_multifric/fric15/5400/vxp000_vyp000_yawn050.npz,5400,clean,780,"[0.0, 0.0, -0.5]","[0.0, 0.0, -0.6032986044883728]","[0.022639909759163857, 0.0051346695981919765, -0.6032986044883728]",0.022639909759163857,0.0051346695981919765,0.0
data/traces/walk_v34_multifric/fric15/5400/vxp000_vyp000_yawn100.npz,5400,clean,780,"[0.0, 0.0, -1.0]","[0.0, 0.0, -1.1892046928405762]","[0.009822838939726353, -0.0032140440307557583, -1.1892046928405762]",0.009822838939726353,0.0032140440307557583,0.0
data/traces/walk_v34_multifric/fric15/5400/vxp000_vyp000_yawp000.npz,5400,clean,780,"[0.0, 0.0, 0.0]","[0.0, 0.0, 0.0]","[0.01614833064377308, 0.0020426406990736723, 0.017047878354787827]",0.01614833064377308,0.0020426406990736723,0.017047878354787827
data/traces/walk_v34_multifric/fric15/5400/vxp000_vyp000_yawp050.npz,5400,clean,780,"[0.0, 0.0, 0.5]","[0.0, 0.0, 0.6710296869277954]","[0.035547178238630295, 0.009333864785730839, 0.6710296869277954]",0.035547178238630295,0.009333864785730839,0.0
data/traces/walk_v34_multifric/fric15/5400/vxp000_vyp000_yawp100.npz,5400,clean,780,"[0.0, 0.0, 1.0]","[0.0, 0.0, 1.2480322122573853]","[0.02475796639919281, 0.012073871679604053, 1.2480322122573853]",0.02475796639919281,0.012073871679604053,0.0
data/traces/walk_v34_multifric/fric15/5400/vxp030_vyp000_yawn050.npz,5400,clean,780,"[0.30000001192092896, 0.0, -0.5]","[0.22430838644504547, 0.0, -0.585057258605957]","[0.22430838644504547, -0.002347244182601571, -0.585057258605957]",0.0,0.002347244182601571,0.0
data/traces/walk_v34_multifric/fric25/3600/vxp000_vyp000_yawp000.npz,3600,clean,780,"[0.0, 0.0, 0.0]","[0.0, 0.0, 0.0]","[0.0008615825790911913, -0.0007922441000118852, 0.00169612024910748]",0.0008615825790911913,0.0007922441000118852,0.00169612024910748
data/traces/walk_v34_multifric/fric25/5400/vxp000_vyp000_yawp000.npz,5400,clean,780,"[0.0, 0.0, 0.0]","[0.0, 0.0, 0.0]","[0.000629786285571754, 0.001517160446383059, 0.015367943793535233]",0.000629786285571754,0.001517160446383059,0.015367943793535233
data/traces/walk_v38_multi/3200/vxp000_vyp000_yawp000.npz,3200,clean,780,"[0.0, 0.0, 0.0]","[0.0, 0.0, 0.0]","[0.021556643769145012, 6.978949045333138e-07, -0.006653596181422472]",0.021556643769145012,6.978949045333138e-07,0.006653596181422472
data/traces/walk_v38_multi/3200/vxp030_vyp000_yawn050.npz,3200,clean,780,"[0.30000001192092896, 0.0, -0.5]","[0.25324392318725586, 0.0, -0.7209731340408325]","[0.25324392318725586, 0.04329013451933861, -0.7209731340408325]",0.0,0.04329013451933861,0.0
data/traces/walk_v38_multi/3200/vxp030_vyp000_yawp000.npz,3200,clean,780,"[0.30000001192092896, 0.0, 0.0]","[0.2618131935596466, 0.0, 0.0]","[0.2618131935596466, 0.0034714238718152046, -0.032390959560871124]",0.0,0.0034714238718152046,0.032390959560871124
data/traces/walk_v38_multi/3200/vxp030_vyp000_yawp050.npz,3200,clean,780,"[0.30000001192092896, 0.0, 0.5]","[0.2502823770046234, 0.0, 0.6677699089050293]","[0.2502823770046234, -0.02575654536485672, 0.6677699089050293]",0.0,0.02575654536485672,0.0
data/traces/walk_v38_multi/3200/vxp050_vyp000_yawn050.npz,3200,clean,780,"[0.5, 0.0, -0.5]","[0.34411031007766724, 0.0, -0.8456985354423523]","[0.34411031007766724, 0.03128908574581146, -0.8456985354423523]",0.0,0.03128908574581146,0.0
data/traces/walk_v38_multi/3200/vxp050_vyp000_yawp050.npz,3200,clean,780,"[0.5, 0.0, 0.5]","[0.35285040736198425, 0.0, 0.7423804402351379]","[0.35285040736198425, -0.029538771137595177, 0.7423804402351379]",0.0,0.029538771137595177,0.0
data/traces/walk_v38_multi/5400/vxn030_vyp000_yawn050.npz,5400,clean,780,"[-0.30000001192092896, 0.0, -0.5]","[-0.18002215027809143, 0.0, -0.7236047983169556]","[-0.18002215027809143, -0.007237360812723637, -0.7236047983169556]",0.0,0.007237360812723637,0.0
data/traces/walk_v38_multi/5400/vxp000_vyp000_yawn050.npz,5400,clean,780,"[0.0, 0.0, -0.5]","[0.0, 0.0, -0.5896822810173035]","[0.04430896416306496, -0.001281036646105349, -0.5896822810173035]",0.04430896416306496,0.001281036646105349,0.0
data/traces/walk_v38_multi/5400/vxp000_vyp000_yawn100.npz,5400,clean,780,"[0.0, 0.0, -1.0]","[0.0, 0.0, -1.2259987592697144]","[0.024069879204034805, 0.021765204146504402, -1.2259987592697144]",0.024069879204034805,0.021765204146504402,0.0
data/traces/walk_v38_multi/5400/vxp000_vyp000_yawp050.npz,5400,clean,780,"[0.0, 0.0, 0.5]","[0.0, 0.0, 0.6216214299201965]","[0.04748851805925369, -0.03567780181765556, 0.6216214299201965]",0.04748851805925369,0.03567780181765556,0.0
data/traces/walk_v38_multi/5400/vxp000_vyp000_yawp100.npz,5400,clean,780,"[0.0, 0.0, 1.0]","[0.0, 0.0, 1.262693166732788]","[0.03596320003271103, -0.050497788935899734, 1.262693166732788]",0.03596320003271103,0.050497788935899734,0.0
data/traces/walk_v38_multi/5400/vxp030_vyp000_yawn050.npz,5400,clean,780,"[0.30000001192092896, 0.0, -0.5]","[0.2489108294248581, 0.0, -0.5091032981872559]","[0.2489108294248581, -0.011648989282548428, -0.5091032981872559]",0.0,0.011648989282548428,0.0
data/traces/walk_v38_multi/5400/vxp030_vyp000_yawp050.npz,5400,clean,780,"[0.30000001192092896, 0.0, 0.5]","[0.2369173914194107, 0.0, 0.7051870226860046]","[0.2369173914194107, -0.04621291533112526, 0.7051870226860046]",0.0,0.04621291533112526,0.0
data/traces/walk_v38_multi/5400/vxp050_vyp000_yawn050.npz,5400,clean,780,"[0.5, 0.0, -0.5]","[0.3870517611503601, 0.0, -0.626771092414856]","[0.3870517611503601, 0.01724059134721756, -0.626771092414856]",0.0,0.01724059134721756,0.0
data/traces/walk_v38_multi/5400/vxp050_vyp000_yawp050.npz,5400,clean,780,"[0.5, 0.0, 0.5]","[0.3545092046260834, 0.0, 0.7512747645378113]","[0.3545092046260834, -0.06007108464837074, 0.7512747645378113]",0.0,0.06007108464837074,0.0
data/traces/walk_v38_multi/5400/vxp070_vyp000_yawp000.npz,5400,clean,780,"[0.699999988079071, 0.0, 0.0]","[0.5495361685752869, 0.0, 0.0]","[0.5495361685752869, -0.0011086983140558004, -0.01179518736898899]",0.0,0.0011086983140558004,0.01179518736898899
data/traces/walk_v38_multi/5600/vxp030_vyp000_yawn050.npz,5600,clean,780,"[0.30000001192092896, 0.0, -0.5]","[0.3137359321117401, 0.0, -0.4838602542877197]","[0.3137359321117401, 0.0008288251119665802, -0.4838602542877197]",0.0,0.0008288251119665802,0.0
data/traces/walk_v38_multi/5600/vxp030_vyp000_yawp050.npz,5600,clean,780,"[0.30000001192092896, 0.0, 0.5]","[0.3085883557796478, 0.0, 0.6447046995162964]","[0.3085883557796478, -0.03277422860264778, 0.6447046995162964]",0.0,0.03277422860264778,0.0
data/traces/walk_v38_multi/5600/vxp050_vyp000_yawn050.npz,5600,clean,780,"[0.5, 0.0, -0.5]","[0.461110919713974, 0.0, -0.4925558269023895]","[0.461110919713974, 0.006278485991060734, -0.4925558269023895]",0.0,0.006278485991060734,0.0
data/traces/walk_v38_multi/5600/vxp050_vyp000_yawp050.npz,5600,clean,780,"[0.5, 0.0, 0.5]","[0.4489685893058777, 0.0, 0.6467692255973816]","[0.4489685893058777, -0.048493169248104095, 0.6467692255973816]",0.0,0.048493169248104095,0.0
data/traces/walk_v38_multi/5600/vxp070_vyp000_yawp000.npz,5600,clean,780,"[0.699999988079071, 0.0, 0.0]","[0.6627998948097229, 0.0, 0.0]","[0.6627998948097229, -0.018382206559181213, 0.04019596800208092]",0.0,0.018382206559181213,0.04019596800208092
data/traces/walk_v38_multi/6200/vxn030_vyp000_yawn050.npz,6200,clean,780,"[-0.30000001192092896, 0.0, -0.5]","[-0.20245425403118134, 0.0, -0.6411690711975098]","[-0.20245425403118134, 0.012265395373106003, -0.6411690711975098]",0.0,0.012265395373106003,0.0
data/traces/walk_v38_multi/6200/vxn030_vyp000_yawp000.npz,6200,clean,780,"[-0.30000001192092896, 0.0, 0.0]","[-0.18728423118591309, 0.0, 0.0]","[-0.18728423118591309, -0.03284522145986557, -0.0465681292116642]",0.0,0.03284522145986557,0.0465681292116642
data/traces/walk_v38_multi/6200/vxn030_vyp000_yawp050.npz,6200,clean,780,"[-0.30000001192092896, 0.0, 0.5]","[-0.202335387468338, 0.0, 0.5399733781814575]","[-0.202335387468338, -0.07189052551984787, 0.5399733781814575]",0.0,0.07189052551984787,0.0
data/traces/walk_v38_multi/6200/vxp000_vyp000_yawn100.npz,6200,clean,780,"[0.0, 0.0, -1.0]","[0.0, 0.0, -1.1344449520111084]","[0.02784603461623192, 0.04199051484465599, -1.1344449520111084]",0.02784603461623192,0.04199051484465599,0.0
data/traces/walk_v38_multi/6200/vxp000_vyp000_yawp000.npz,6200,clean,780,"[0.0, 0.0, 0.0]","[0.0, 0.0, 0.0]","[-0.0011492558987811208, -0.0005304614896886051, -0.015598141588270664]",0.0011492558987811208,0.0005304614896886051,0.015598141588270664
data/traces/walk_v38_multi/6200/vxp000_vyp000_yawp100.npz,6200,clean,780,"[0.0, 0.0, 1.0]","[0.0, 0.0, 1.0712413787841797]","[0.04283343255519867, -0.09433582425117493, 1.0712413787841797]",0.04283343255519867,0.09433582425117493,0.0
data/traces/walk_v38_multi/6200/vxp030_vyp000_yawn050.npz,6200,clean,780,"[0.30000001192092896, 0.0, -0.5]","[0.2400127798318863, 0.0, -0.5712725520133972]","[0.2400127798318863, 0.000621494953520596, -0.5712725520133972]",0.0,0.000621494953520596,0.0
data/traces/walk_v38_multi/6200/vxp030_vyp000_yawp000.npz,6200,clean,780,"[0.30000001192092896, 0.0, 0.0]","[0.26560837030410767, 0.0, 0.0]","[0.26560837030410767, 0.0035769527312368155, -0.022150544449687004]",0.0,0.0035769527312368155,0.022150544449687004
data/traces/walk_v38_multi/6200/vxp030_vyp000_yawp050.npz,6200,clean,780,"[0.30000001192092896, 0.0, 0.5]","[0.24751262366771698, 0.0, 0.5281015038490295]","[0.24751262366771698, 0.009336680173873901, 0.5281015038490295]",0.0,0.009336680173873901,0.0
data/traces/walk_v38_multi/6200/vxp050_vyp000_yawn050.npz,6200,clean,780,"[0.5, 0.0, -0.5]","[0.3462733328342438, 0.0, -0.5666478276252747]","[0.3462733328342438, -0.010416032746434212, -0.5666478276252747]",0.0,0.010416032746434212,0.0
data/traces/walk_v38_multi/6200/vxp050_vyp000_yawp000.npz,6200,clean,780,"[0.5, 0.0, 0.0]","[0.359693706035614, 0.0, 0.0]","[0.359693706035614, -0.004207189194858074, -0.021057575941085815]",0.0,0.004207189194858074,0.021057575941085815
data/traces/walk_v38_multi/6200/vxp050_vyp000_yawp050.npz,6200,clean,780,"[0.5, 0.0, 0.5]","[0.3466399908065796, 0.0, 0.520907461643219]","[0.3466399908065796, 0.012786990031599998, 0.520907461643219]",0.0,0.012786990031599998,0.0
data/traces/walk_v38_multi/6200/vxp070_vyp000_yawp000.npz,6200,clean,780,"[0.699999988079071, 0.0, 0.0]","[0.4411938488483429, 0.0, 0.0]","[0.4411938488483429, -0.009507802315056324, -0.0327339693903923]",0.0,0.009507802315056324,0.0327339693903923
data/traces/walk_v38_multi/7000/vxn030_vyp000_yawn050.npz,7000,clean,780,"[-0.30000001192092896, 0.0, -0.5]","[-0.20273751020431519, 0.0, -0.5646988153457642]","[-0.20273751020431519, -0.0032830529380589724, -0.5646988153457642]",0.0,0.0032830529380589724,0.0
data/traces/walk_v38_multi/7000/vxn030_vyp000_yawp000.npz,7000,clean,780,"[-0.30000001192092896, 0.0, 0.0]","[-0.2181849628686905, 0.0, 0.0]","[-0.2181849628686905, -0.012089446187019348, 0.003991864621639252]",0.0,0.012089446187019348,0.003991864621639252
data/traces/walk_v38_multi/7000/vxn030_vyp000_yawp050.npz,7000,clean,780,"[-0.30000001192092896, 0.0, 0.5]","[-0.1933453530073166, 0.0, 0.5733725428581238]","[-0.1933453530073166, -0.01930077187716961, 0.5733725428581238]",0.0,0.01930077187716961,0.0
data/traces/walk_v38_multi/7000/vxp000_vyp000_yawn050.npz,7000,clean,780,"[0.0, 0.0, -0.5]","[0.0, 0.0, -0.55105060338974]","[0.022817743942141533, -0.0017668447690084577, -0.55105060338974]",0.022817743942141533,0.0017668447690084577,0.0
data/traces/walk_v38_multi/7000/vxp000_vyp000_yawn100.npz,7000,clean,780,"[0.0, 0.0, -1.0]","[0.0, 0.0, -1.1204743385314941]","[0.0006567381788045168, 0.017646322026848793, -1.1204743385314941]",0.0006567381788045168,0.017646322026848793,0.0
data/traces/walk_v38_multi/7000/vxp000_vyp000_yawp050.npz,7000,clean,780,"[0.0, 0.0, 0.5]","[0.0, 0.0, 0.5533967614173889]","[0.017037924379110336, -0.017327645793557167, 0.5533967614173889]",0.017037924379110336,0.017327645793557167,0.0
data/traces/walk_v38_multi/7000/vxp000_vyp000_yawp100.npz,7000,clean,780,"[0.0, 0.0, 1.0]","[0.0, 0.0, 1.1313045024871826]","[-0.007474321406334639, -0.02484024129807949, 1.1313045024871826]",0.007474321406334639,0.02484024129807949,0.0
data/traces/walk_v38_multi/7000/vxp030_vyp000_yawp000.npz,7000,clean,780,"[0.30000001192092896, 0.0, 0.0]","[0.1843881905078888, 0.0, 0.0]","[0.1843881905078888, -0.009138209745287895, -0.00027327114366926253]",0.0,0.009138209745287895,0.00027327114366926253
data/traces/walk_v38_multi/7400/vxn030_vyp000_yawp000.npz,7400,clean,780,"[-0.30000001192092896, 0.0, 0.0]","[-0.6185474991798401, 0.0, 0.0]","[-0.6185474991798401, 0.011527732945978642, 0.01917344704270363]",0.0,0.011527732945978642,0.01917344704270363
data/traces/walk_v38_multi/7400/vxn030_vyp000_yawp050.npz,7400,clean,780,"[-0.30000001192092896, 0.0, 0.5]","[-0.5411918759346008, 0.0, 0.6784967184066772]","[-0.5411918759346008, 0.005546094384044409, 0.6784967184066772]",0.0,0.005546094384044409,0.0
data/traces/walk_v38_multifreq/f20/3200/vxp000_vyp000_yawp000.npz,3200,clean,780,"[0.0, 0.0, 0.0]","[0.0, 0.0, 0.0]","[0.021556643769145012, 6.978949045333138e-07, -0.006653596181422472]",0.021556643769145012,6.978949045333138e-07,0.006653596181422472
data/traces/walk_v38_multifreq/f20/3200/vxp030_vyp000_yawn050.npz,3200,clean,780,"[0.30000001192092896, 0.0, -0.5]","[0.24965569376945496, 0.0, -0.4812988340854645]","[0.24965569376945496, 0.051598645746707916, -0.4812988340854645]",0.0,0.051598645746707916,0.0
data/traces/walk_v38_multifreq/f20/3200/vxp050_vyp000_yawn050.npz,3200,clean,780,"[0.5, 0.0, -0.5]","[0.34584277868270874, 0.0, -0.5703739523887634]","[0.34584277868270874, 0.05410159379243851, -0.5703739523887634]",0.0,0.05410159379243851,0.0
data/traces/walk_v38_multifreq/f20/3200/vxp070_vyp000_yawp000.npz,3200,clean,780,"[0.699999988079071, 0.0, 0.0]","[0.48164916038513184, 0.0, 0.0]","[0.48164916038513184, 0.015966428443789482, -0.038093432784080505]",0.0,0.015966428443789482,0.038093432784080505
data/traces/walk_v38_multifreq/f20/5400/vxp000_vyp000_yawn050.npz,5400,clean,780,"[0.0, 0.0, -0.5]","[0.0, 0.0, -0.5592666864395142]","[0.04302341118454933, -0.009091999381780624, -0.5592666864395142]",0.04302341118454933,0.009091999381780624,0.0
data/traces/walk_v38_multifreq/f20/5400/vxp000_vyp000_yawn100.npz,5400,clean,780,"[0.0, 0.0, -1.0]","[0.0, 0.0, -1.0964256525039673]","[0.011987082660198212, -0.0008545474265702069, -1.0964256525039673]",0.011987082660198212,0.0008545474265702069,0.0
data/traces/walk_v38_multifreq/f20/5400/vxp030_vyp000_yawn050.npz,5400,clean,780,"[0.30000001192092896, 0.0, -0.5]","[0.2032245546579361, 0.0, -0.4838309586048126]","[0.2032245546579361, -0.016583509743213654, -0.4838309586048126]",0.0,0.016583509743213654,0.0
data/traces/walk_v38_multifreq/f20/5400/vxp030_vyp000_yawp050.npz,5400,clean,780,"[0.30000001192092896, 0.0, 0.5]","[0.21603626012802124, 0.0, 0.7246906757354736]","[0.21603626012802124, -0.034638095647096634, 0.7246906757354736]",0.0,0.034638095647096634,0.0
data/traces/walk_v38_multifreq/f20/5400/vxp050_vyp000_yawp050.npz,5400,clean,780,"[0.5, 0.0, 0.5]","[0.33306390047073364, 0.0, 0.7932161688804626]","[0.33306390047073364, -0.0427003912627697, 0.7932161688804626]",0.0,0.0427003912627697,0.0
data/traces/walk_v38_multifreq/f20/5400/vxp070_vyp000_yawp000.npz,5400,clean,780,"[0.699999988079071, 0.0, 0.0]","[0.45647138357162476, 0.0, 0.0]","[0.45647138357162476, -0.011431992053985596, 0.02232234925031662]",0.0,0.011431992053985596,0.02232234925031662
data/traces/walk_v38_multifreq/f20/5600/vxp030_vyp000_yawn050.npz,5600,clean,780,"[0.30000001192092896, 0.0, -0.5]","[0.28486189246177673, 0.0, -0.5516167283058167]","[0.28486189246177673, -0.01887974701821804, -0.5516167283058167]",0.0,0.01887974701821804,0.0
data/traces/walk_v38_multifreq/f20/5600/vxp030_vyp000_yawp050.npz,5600,clean,780,"[0.30000001192092896, 0.0, 0.5]","[0.28577956557273865, 0.0, 0.6571465730667114]","[0.28577956557273865, -0.014195422641932964, 0.6571465730667114]",0.0,0.014195422641932964,0.0
data/traces/walk_v38_multifreq/f20/5600/vxp050_vyp000_yawp050.npz,5600,clean,780,"[0.5, 0.0, 0.5]","[0.41415777802467346, 0.0, 0.6309696435928345]","[0.41415777802467346, -0.04199719801545143, 0.6309696435928345]",0.0,0.04199719801545143,0.0
data/traces/walk_v38_multifreq/f20/6200/vxp000_vyp000_yawp000.npz,6200,clean,780,"[0.0, 0.0, 0.0]","[0.0, 0.0, 0.0]","[-0.0011492558987811208, -0.0005304614896886051, -0.015598141588270664]",0.0011492558987811208,0.0005304614896886051,0.015598141588270664
data/traces/walk_v38_multifreq/f20/6200/vxp030_vyp000_yawn050.npz,6200,clean,780,"[0.30000001192092896, 0.0, -0.5]","[0.2034105509519577, 0.0, -0.5443846583366394]","[0.2034105509519577, 0.004293414764106274, -0.5443846583366394]",0.0,0.004293414764106274,0.0
data/traces/walk_v38_multifreq/f20/6200/vxp030_vyp000_yawp050.npz,6200,clean,780,"[0.30000001192092896, 0.0, 0.5]","[0.2206079214811325, 0.0, 0.43456587195396423]","[0.2206079214811325, 0.010193207301199436, 0.43456587195396423]",0.0,0.010193207301199436,0.0
data/traces/walk_v38_multifreq/f30/3200/vxn030_vyp000_yawn050.npz,3200,clean,780,"[-0.30000001192092896, 0.0, -0.5]","[-0.2703271806240082, 0.0, -0.6484145522117615]","[-0.2703271806240082, -0.0011422130046412349, -0.6484145522117615]",0.0,0.0011422130046412349,0.0
data/traces/walk_v38_multifreq/f30/3200/vxn030_vyp000_yawp000.npz,3200,clean,780,"[-0.30000001192092896, 0.0, 0.0]","[-0.2731997072696686, 0.0, 0.0]","[-0.2731997072696686, -0.0006654822500422597, 0.04980172589421272]",0.0,0.0006654822500422597,0.04980172589421272
data/traces/walk_v38_multifreq/f30/3200/vxn030_vyp000_yawp050.npz,3200,clean,780,"[-0.30000001192092896, 0.0, 0.5]","[-0.26128214597702026, 0.0, 0.7380159497261047]","[-0.26128214597702026, -0.0021534133702516556, 0.7380159497261047]",0.0,0.0021534133702516556,0.0
data/traces/walk_v38_multifreq/f30/3200/vxp000_vyp000_yawn050.npz,3200,clean,780,"[0.0, 0.0, -0.5]","[0.0, 0.0, -0.6200290322303772]","[0.01777518168091774, 0.047714170068502426, -0.6200290322303772]",0.01777518168091774,0.047714170068502426,0.0
data/traces/walk_v38_multifreq/f30/3200/vxp000_vyp000_yawn100.npz,3200,clean,780,"[0.0, 0.0, -1.0]","[0.0, 0.0, -1.2715920209884644]","[-0.0013819541782140732, 0.06324207782745361, -1.2715920209884644]",0.0013819541782140732,0.06324207782745361,0.0
data/traces/walk_v38_multifreq/f30/3200/vxp000_vyp000_yawp000.npz,3200,clean,780,"[0.0, 0.0, 0.0]","[0.0, 0.0, 0.0]","[0.021556643769145012, 6.978949045333138e-07, -0.006653596181422472]",0.021556643769145012,6.978949045333138e-07,0.006653596181422472
data/traces/walk_v38_multifreq/f30/3200/vxp000_vyp000_yawp050.npz,3200,clean,780,"[0.0, 0.0, 0.5]","[0.0, 0.0, 0.6273782253265381]","[0.018943270668387413, -0.02958926558494568, 0.6273782253265381]",0.018943270668387413,0.02958926558494568,0.0
data/traces/walk_v38_multifreq/f30/3200/vxp000_vyp000_yawp100.npz,3200,clean,780,"[0.0, 0.0, 1.0]","[0.0, 0.0, 1.2619026899337769]","[-0.00837091263383627, -0.05308299884200096, 1.2619026899337769]",0.00837091263383627,0.05308299884200096,0.0
data/traces/walk_v38_multifreq/f30/3200/vxp030_vyp000_yawn050.npz,3200,clean,780,"[0.30000001192092896, 0.0, -0.5]","[0.2508479952812195, 0.0, -0.6329846382141113]","[0.2508479952812195, 0.08351507037878036, -0.6329846382141113]",0.0,0.08351507037878036,0.0
data/traces/walk_v38_multifreq/f30/3200/vxp030_vyp000_yawp000.npz,3200,clean,780,"[0.30000001192092896, 0.0, 0.0]","[0.2743276357650757, 0.0, 0.0]","[0.2743276357650757, 0.007801479194313288, 0.0052134133875370026]",0.0,0.007801479194313288,0.0052134133875370026
data/traces/walk_v38_multifreq/f30/3200/vxp030_vyp000_yawp050.npz,3200,clean,780,"[0.30000001192092896, 0.0, 0.5]","[0.2289661318063736, 0.0, 0.6224325299263]","[0.2289661318063736, -0.07605916261672974, 0.6224325299263]",0.0,0.07605916261672974,0.0
data/traces/walk_v38_multifreq/f30/3200/vxp050_vyn030_yawp000.npz,3200,clean,780,"[0.5, -0.30000001192092896, 0.0]","[0.30922144651412964, -0.20187798142433167, 0.0]","[0.30922144651412964, -0.20187798142433167, -0.013813978992402554]",0.0,0.0,0.013813978992402554
data/traces/walk_v38_multifreq/f30/3200/vxp050_vyp000_yawn050.npz,3200,clean,780,"[0.5, 0.0, -0.5]","[0.370648592710495, 0.0, -0.6784108281135559]","[0.370648592710495, 0.10171551257371902, -0.6784108281135559]",0.0,0.10171551257371902,0.0
data/traces/walk_v38_multifreq/f30/3200/vxp050_vyp000_yawp000.npz,3200,clean,780,"[0.5, 0.0, 0.0]","[0.4167080521583557, 0.0, 0.0]","[0.4167080521583557, 0.028734559193253517, -0.018161417916417122]",0.0,0.028734559193253517,0.018161417916417122
data/traces/walk_v38_multifreq/f30/3200/vxp050_vyp000_yawp050.npz,3200,clean,780,"[0.5, 0.0, 0.5]","[0.3575524687767029, 0.0, 0.6212918758392334]","[0.3575524687767029, -0.11480771750211716, 0.6212918758392334]",0.0,0.11480771750211716,0.0
data/traces/walk_v38_multifreq/f30/3200/vxp050_vyp030_yawp000.npz,3200,clean,780,"[0.5, 0.30000001192092896, 0.0]","[0.3493323028087616, 0.18606801331043243, 0.0]","[0.3493323028087616, 0.18606801331043243, 0.029308829456567764]",0.0,0.0,0.029308829456567764
data/traces/walk_v38_multifreq/f30/3200/vxp070_vyp000_yawp000.npz,3200,clean,780,"[0.699999988079071, 0.0, 0.0]","[0.5631178617477417, 0.0, 0.0]","[0.5631178617477417, 0.04100189730525017, -0.029216686263680458]",0.0,0.04100189730525017,0.029216686263680458
data/traces/walk_v38_multifreq/f30/5400/vxn030_vyp000_yawp050.npz,5400,clean,780,"[-0.30000001192092896, 0.0, 0.5]","[-0.21710637211799622, 0.0, 0.6423652768135071]","[-0.21710637211799622, -0.053035009652376175, 0.6423652768135071]",0.0,0.053035009652376175,0.0
data/traces/walk_v38_multifreq/f30/5400/vxn030_vyp030_yawp000.npz,5400,clean,780,"[-0.30000001192092896, 0.30000001192092896, 0.0]","[-0.2076285183429718, 0.1801115721464157, 0.0]","[-0.2076285183429718, 0.1801115721464157, -0.025911889970302582]",0.0,0.0,0.025911889970302582
data/traces/walk_v38_multifreq/f30/5400/vxp000_vyp000_yawn100.npz,5400,clean,780,"[0.0, 0.0, -1.0]","[0.0, 0.0, -1.3315564393997192]","[0.003024603705853224, 0.036595843732357025, -1.3315564393997192]",0.003024603705853224,0.036595843732357025,0.0
data/traces/walk_v38_multifreq/f30/5400/vxp000_vyp000_yawp050.npz,5400,clean,780,"[0.0, 0.0, 0.5]","[0.0, 0.0, 0.654787540435791]","[0.03410092741250992, -0.06247684732079506, 0.654787540435791]",0.03410092741250992,0.06247684732079506,0.0
data/traces/walk_v38_multifreq/f30/5400/vxp000_vyp000_yawp100.npz,5400,clean,780,"[0.0, 0.0, 1.0]","[0.0, 0.0, 1.296761393547058]","[0.015620262362062931, -0.08346058428287506, 1.296761393547058]",0.015620262362062931,0.08346058428287506,0.0
data/traces/walk_v38_multifreq/f30/5400/vxp030_vyp000_yawn050.npz,5400,clean,780,"[0.30000001192092896, 0.0, -0.5]","[0.28343379497528076, 0.0, -0.5223501920700073]","[0.28343379497528076, 0.007131465710699558, -0.5223501920700073]",0.0,0.007131465710699558,0.0
data/traces/walk_v38_multifreq/f30/5400/vxp030_vyp000_yawp050.npz,5400,clean,780,"[0.30000001192092896, 0.0, 0.5]","[0.2669990062713623, 0.0, 0.71603924036026]","[0.2669990062713623, -0.08724400401115417, 0.71603924036026]",0.0,0.08724400401115417,0.0
data/traces/walk_v38_multifreq/f30/5400/vxp050_vyp000_yawn050.npz,5400,clean,780,"[0.5, 0.0, -0.5]","[0.44609466195106506, 0.0, -0.5966302156448364]","[0.44609466195106506, 0.005756025668233633, -0.5966302156448364]",0.0,0.005756025668233633,0.0
data/traces/walk_v38_multifreq/f30/5400/vxp050_vyp000_yawp050.npz,5400,clean,780,"[0.5, 0.0, 0.5]","[0.41324225068092346, 0.0, 0.7274661064147949]","[0.41324225068092346, -0.09955847263336182, 0.7274661064147949]",0.0,0.09955847263336182,0.0
data/traces/walk_v38_multifreq/f30/5400/vxp070_vyp000_yawp000.npz,5400,clean,780,"[0.699999988079071, 0.0, 0.0]","[0.6208539605140686, 0.0, 0.0]","[0.6208539605140686, -0.03810645267367363, 0.01101688388735056]",0.0,0.03810645267367363,0.01101688388735056
data/traces/walk_v38_multifreq/f30/5600/vxp030_vyp000_yawn050.npz,5600,clean,780,"[0.30000001192092896, 0.0, -0.5]","[0.33069223165512085, 0.0, -0.48287293314933777]","[0.33069223165512085, -0.0018941485323011875, -0.48287293314933777]",0.0,0.0018941485323011875,0.0
data/traces/walk_v38_multifreq/f30/5600/vxp030_vyp000_yawp050.npz,5600,clean,780,"[0.30000001192092896, 0.0, 0.5]","[0.3211515247821808, 0.0, 0.6578748226165771]","[0.3211515247821808, -0.040181465446949005, 0.6578748226165771]",0.0,0.040181465446949005,0.0
data/traces/walk_v38_multifreq/f30/5600/vxp050_vyp000_yawn050.npz,5600,clean,780,"[0.5, 0.0, -0.5]","[0.49705976247787476, 0.0, -0.44704771041870117]","[0.49705976247787476, -0.0213164072483778, -0.44704771041870117]",0.0,0.0213164072483778,0.0
data/traces/walk_v38_multifreq/f30/5600/vxp050_vyp000_yawp050.npz,5600,clean,780,"[0.5, 0.0, 0.5]","[0.474060982465744, 0.0, 0.6242354512214661]","[0.474060982465744, -0.04362126812338829, 0.6242354512214661]",0.0,0.04362126812338829,0.0
data/traces/walk_v38_multifreq/f30/5600/vxp070_vyp000_yawp000.npz,5600,clean,780,"[0.699999988079071, 0.0, 0.0]","[0.6578249335289001, 0.0, 0.0]","[0.6578249335289001, -0.0435924232006073, 0.023031635209918022]",0.0,0.0435924232006073,0.023031635209918022
data/traces/walk_v38_multifreq/f30/6200/vxn030_vyp000_yawn050.npz,6200,clean,780,"[-0.30000001192092896, 0.0, -0.5]","[-0.26179778575897217, 0.0, -0.6271742582321167]","[-0.26179778575897217, 0.06181752309203148, -0.6271742582321167]",0.0,0.06181752309203148,0.0
data/traces/walk_v38_multifreq/f30/6200/vxn030_vyp000_yawp000.npz,6200,clean,780,"[-0.30000001192092896, 0.0, 0.0]","[-0.23258879780769348, 0.0, 0.0]","[-0.23258879780769348, -0.01693756692111492, -0.047417204827070236]",0.0,0.01693756692111492,0.047417204827070236
data/traces/walk_v38_multifreq/f30/6200/vxn030_vyp000_yawp050.npz,6200,clean,780,"[-0.30000001192092896, 0.0, 0.5]","[-0.2670222818851471, 0.0, 0.5502114295959473]","[-0.2670222818851471, -0.08680170029401779, 0.5502114295959473]",0.0,0.08680170029401779,0.0
data/traces/walk_v38_multifreq/f30/6200/vxp000_vyp000_yawn050.npz,6200,clean,780,"[0.0, 0.0, -0.5]","[0.0, 0.0, -0.6005942225456238]","[0.040320150554180145, 0.03229467198252678, -0.6005942225456238]",0.040320150554180145,0.03229467198252678,0.0
data/traces/walk_v38_multifreq/f30/6200/vxp000_vyp000_yawn100.npz,6200,clean,780,"[0.0, 0.0, -1.0]","[0.0, 0.0, -1.1441205739974976]","[0.019257450476288795, 0.0982062891125679, -1.1441205739974976]",0.019257450476288795,0.0982062891125679,0.0
data/traces/walk_v38_multifreq/f30/6200/vxp000_vyp000_yawp000.npz,6200,clean,780,"[0.0, 0.0, 0.0]","[0.0, 0.0, 0.0]","[-0.0011492558987811208, -0.0005304614896886051, -0.015598141588270664]",0.0011492558987811208,0.0005304614896886051,0.015598141588270664
data/traces/walk_v38_multifreq/f30/6200/vxp000_vyp000_yawp050.npz,6200,clean,780,"[0.0, 0.0, 0.5]","[0.0, 0.0, 0.5660818815231323]","[0.03898189961910248, -0.061107005923986435, 0.5660818815231323]",0.03898189961910248,0.061107005923986435,0.0
data/traces/walk_v38_multifreq/f30/6200/vxp000_vyp000_yawp100.npz,6200,clean,780,"[0.0, 0.0, 1.0]","[0.0, 0.0, 1.0935331583023071]","[-0.0071073840372264385, -0.10013997554779053, 1.0935331583023071]",0.0071073840372264385,0.10013997554779053,0.0
data/traces/walk_v38_multifreq/f30/6200/vxp030_vyp000_yawn050.npz,6200,clean,780,"[0.30000001192092896, 0.0, -0.5]","[0.2577407658100128, 0.0, -0.582567572593689]","[0.2577407658100128, -0.011568347923457623, -0.582567572593689]",0.0,0.011568347923457623,0.0
data/traces/walk_v38_multifreq/f30/6200/vxp030_vyp000_yawp000.npz,6200,clean,780,"[0.30000001192092896, 0.0, 0.0]","[0.26937219500541687, 0.0, 0.0]","[0.26937219500541687, -0.012432326562702656, -0.028013119474053383]",0.0,0.012432326562702656,0.028013119474053383
data/traces/walk_v38_multifreq/f30/6200/vxp030_vyp000_yawp050.npz,6200,clean,780,"[0.30000001192092896, 0.0, 0.5]","[0.23706112802028656, 0.0, 0.5407453179359436]","[0.23706112802028656, -0.016775382682681084, 0.5407453179359436]",0.0,0.016775382682681084,0.0
data/traces/walk_v38_multifreq/f30/6200/vxp050_vyp000_yawn050.npz,6200,clean,780,"[0.5, 0.0, -0.5]","[0.4048062562942505, 0.0, -0.5920363068580627]","[0.4048062562942505, -0.01838846690952778, -0.5920363068580627]",0.0,0.01838846690952778,0.0
data/traces/walk_v38_multifreq/f30/6200/vxp050_vyp000_yawp000.npz,6200,clean,780,"[0.5, 0.0, 0.0]","[0.4213755130767822, 0.0, 0.0]","[0.4213755130767822, -0.023125384002923965, -0.03198577091097832]",0.0,0.023125384002923965,0.03198577091097832
data/traces/walk_v38_multifreq/f30/6200/vxp050_vyp000_yawp050.npz,6200,clean,780,"[0.5, 0.0, 0.5]","[0.37766435742378235, 0.0, 0.5407381653785706]","[0.37766435742378235, -0.013297302648425102, 0.5407381653785706]",0.0,0.013297302648425102,0.0
data/traces/walk_v38_multifreq/f30/6200/vxp070_vyp000_yawp000.npz,6200,clean,780,"[0.699999988079071, 0.0, 0.0]","[0.5512581467628479, 0.0, 0.0]","[0.5512581467628479, -0.027412505820393562, -0.032090891152620316]",0.0,0.027412505820393562,0.032090891152620316
